Provinsi,Kabupaten,Kecamatan,Urea Tunggal (kg/ha),SP-36 (kg/ha),KCl (kg/ha),NPK 15-10-12 (kg/ha),Urea Majemuk (kg/ha)
DKI JAKARTA,KOTA JAKARTA TIMUR,CAKUNG,300,50,50,250,225
DKI JAKARTA,KOTA JAKARTA BARAT,KEMBANGAN,300,50,50,250,225
DKI JAKARTA,KOTA JAKARTA BARAT,KALI DERES,300,50,50,250,225
DKI JAKARTA,KOTA JAKARTA UTARA,CILINCING,350,50,50,250,275
JAWA BARAT,BOGOR,NANGGUNG,350,50,50,250,275
JAWA BARAT,BOGOR,LEUWILIANG,350,50,50,250,275
JAWA BARAT,BOGOR,LEUWISADENG,350,50,50,250,275
JAWA BARAT,BOGOR,PAMIJAHAN,350,50,50,250,275
JAWA BARAT,BOGOR,CIBUNGBULANG,350,50,50,250,275
JAWA BARAT,BOGOR,CIAMPEA,350,50,50,250,275
JAWA BARAT,BOGOR,TENJOLAYA,350,50,50,250,275
JAWA BARAT,BOGOR,DRAMAGA,350,50,50,250,275
JAWA BARAT,BOGOR,CIOMAS,350,50,50,250,275
JAWA BARAT,BOGOR,TAMANSARI,350,50,50,250,275
JAWA BARAT,BOGOR,CIJERUK,350,50,50,250,275
JAWA BARAT,BOGOR,CIGOMBONG,350,50,50,250,275
JAWA BARAT,BOGOR,CARINGIN,350,50,50,250,275
JAWA BARAT,BOGOR,CIAWI,350,50,50,250,275
JAWA BARAT,BOGOR,CISARUA,350,50,50,250,275
JAWA BARAT,BOGOR,MEGAMENDUNG,350,50,50,250,275
JAWA BARAT,BOGOR,SUKARAJA,350,50,100,250,275
JAWA BARAT,BOGOR,BABAKAN MADANG,350,50,50,250,275
JAWA BARAT,BOGOR,SUKAMAKMUR,350,50,50,250,275
JAWA BARAT,BOGOR,CARIU,350,50,50,250,275
JAWA BARAT,BOGOR,TANJUNGSARI,350,50,50,250,275
JAWA BARAT,BOGOR,JONGGOL,350,50,50,250,275
JAWA BARAT,BOGOR,CILEUNGSI,350,50,100,250,275
JAWA BARAT,BOGOR,KLAPANUNGGAL,350,50,50,250,275
JAWA BARAT,BOGOR,GUNUNGPUTRI,350,50,100,250,275
JAWA BARAT,BOGOR,CITEUREUP,350,50,50,250,275
JAWA BARAT,BOGOR,CIBINONG,350,50,50,250,275
JAWA BARAT,BOGOR,BOJONGGEDE,350,50,50,250,275
JAWA BARAT,BOGOR,TAJURHALANG,350,50,50,250,275
JAWA BARAT,BOGOR,KEMANG,350,50,50,250,275
JAWA BARAT,BOGOR,RANCABUNGUR,350,50,50,250,275
JAWA BARAT,BOGOR,PARUNG,350,75,50,300,250
JAWA BARAT,BOGOR,CISEENG,350,50,50,250,275
JAWA BARAT,BOGOR,GUNUNGSINDUR,350,75,50,300,250
JAWA BARAT,BOGOR,RUMPIN,350,50,50,250,275
JAWA BARAT,BOGOR,CIGUDEG,350,75,50,300,250
JAWA BARAT,BOGOR,SUKAJAYA,350,50,50,250,275
JAWA BARAT,BOGOR,JASINGA,350,75,50,300,250
JAWA BARAT,BOGOR,TENJO,350,75,50,300,250
JAWA BARAT,BOGOR,PARUNGPANJANG,350,75,50,300,250
JAWA BARAT,SUKABUMI,CIEMAS,350,50,100,250,275
JAWA BARAT,SUKABUMI,CIRACAP,350,50,100,250,275
JAWA BARAT,SUKABUMI,WALURAN,350,50,100,250,275
JAWA BARAT,SUKABUMI,SURADE,350,50,100,250,275
JAWA BARAT,SUKABUMI,CIBITUNG,350,50,100,250,275
JAWA BARAT,SUKABUMI,JAMPANG KULON,350,50,100,250,275
JAWA BARAT,SUKABUMI,CIMANGGU,350,50,100,250,275
JAWA BARAT,SUKABUMI,KALIBUNDER,350,50,100,250,275
JAWA BARAT,SUKABUMI,TEGALBULEUD,350,50,100,250,275
JAWA BARAT,SUKABUMI,CIDOLOG,350,50,100,250,275
JAWA BARAT,SUKABUMI,SAGARANTEN,350,50,50,250,275
JAWA BARAT,SUKABUMI,CIDADAP,350,50,100,250,275
JAWA BARAT,SUKABUMI,CURUG KEMBAR,350,50,50,250,275
JAWA BARAT,SUKABUMI,PABUARAN,350,50,50,250,275
JAWA BARAT,SUKABUMI,LENGKONG,350,50,50,250,275
JAWA BARAT,SUKABUMI,PALABUHANRATU,350,50,50,250,275
JAWA BARAT,SUKABUMI,SIMPENAN,350,50,50,250,275
JAWA BARAT,SUKABUMI,WARUNGKIARA,350,50,50,250,275
JAWA BARAT,SUKABUMI,BANTARGADUNG,350,50,50,250,275
JAWA BARAT,SUKABUMI,JAMPANG TENGAH,350,50,50,250,275
JAWA BARAT,SUKABUMI,PURABAYA,350,50,50,250,275
JAWA BARAT,SUKABUMI,CIKEMBAR,350,50,50,250,275
JAWA BARAT,SUKABUMI,NYALINDUNG,350,50,50,250,275
JAWA BARAT,SUKABUMI,GEGERBITUNG,350,50,50,250,275
JAWA BARAT,SUKABUMI,SUKARAJA,350,50,50,250,275
JAWA BARAT,SUKABUMI,KEBONPEDES,350,50,50,250,275
JAWA BARAT,SUKABUMI,CIREUNGHAS,350,50,50,250,275
JAWA BARAT,SUKABUMI,SUKALARANG,350,50,50,250,275
JAWA BARAT,SUKABUMI,SUKABUMI,350,50,50,250,275
JAWA BARAT,SUKABUMI,KADUDAMPIT,350,50,50,250,275
JAWA BARAT,SUKABUMI,CISAAT,350,50,50,250,275
JAWA BARAT,SUKABUMI,GUNUNGGURUH,350,50,50,250,275
JAWA BARAT,SUKABUMI,CIBADAK,350,50,50,250,275
JAWA BARAT,SUKABUMI,CICANTAYAN,350,50,50,250,275
JAWA BARAT,SUKABUMI,CARINGIN,350,50,50,250,275
JAWA BARAT,SUKABUMI,NAGRAK,350,50,50,250,275
JAWA BARAT,SUKABUMI,CIAMBAR,350,50,50,250,275
JAWA BARAT,SUKABUMI,CICURUG,350,50,50,250,275
JAWA BARAT,SUKABUMI,CIDAHU,350,50,50,250,275
JAWA BARAT,SUKABUMI,PARAKAN SALAK,350,50,50,250,275
JAWA BARAT,SUKABUMI,PARUNG KUDA,350,50,50,250,275
JAWA BARAT,SUKABUMI,BOJONG GENTENG,350,50,50,250,275
JAWA BARAT,SUKABUMI,KALAPANUNGGAL,350,50,50,250,275
JAWA BARAT,SUKABUMI,CIKIDANG,350,50,50,250,275
JAWA BARAT,SUKABUMI,CISOLOK,350,50,50,250,275
JAWA BARAT,SUKABUMI,CIKAKAK,300,50,50,250,225
JAWA BARAT,SUKABUMI,KABANDUNGAN,300,50,50,250,225
JAWA BARAT,CIANJUR,AGRABINTA,350,50,100,250,275
JAWA BARAT,CIANJUR,LELES,350,50,100,250,275
JAWA BARAT,CIANJUR,SINDANGBARANG,300,50,100,250,225
JAWA BARAT,CIANJUR,CIDAUN,350,50,100,250,275
JAWA BARAT,CIANJUR,NARINGGUL,350,50,100,250,275
JAWA BARAT,CIANJUR,CIBINONG,300,50,100,250,225
JAWA BARAT,CIANJUR,CIKADU,300,50,100,250,225
JAWA BARAT,CIANJUR,TANGGEUNG,350,50,100,250,275
JAWA BARAT,CIANJUR,PASIRKUDA,300,50,100,250,225
JAWA BARAT,CIANJUR,KADUPANDAK,300,50,100,250,225
JAWA BARAT,CIANJUR,CIJATI,250,50,100,250,175
JAWA BARAT,CIANJUR,TAKOKAK,300,50,100,250,225
JAWA BARAT,CIANJUR,SUKANAGARA,350,50,100,250,275
JAWA BARAT,CIANJUR,PAGELARAN,300,50,100,250,225
JAWA BARAT,CIANJUR,CAMPAKA,350,50,50,250,275
JAWA BARAT,CIANJUR,CAMPAKA MULYA,350,50,50,250,275
JAWA BARAT,CIANJUR,CIBEBER,300,50,50,250,225
JAWA BARAT,CIANJUR,WARUNGKONDANG,350,50,50,250,275
JAWA BARAT,CIANJUR,GEKBRONG,350,50,50,250,275
JAWA BARAT,CIANJUR,CILAKU,350,50,50,250,275
JAWA BARAT,CIANJUR,SUKALUYU,350,50,50,250,275
JAWA BARAT,CIANJUR,BOJONGPICUNG,350,50,50,250,275
JAWA BARAT,CIANJUR,HAURWANGI,350,50,50,250,275
JAWA BARAT,CIANJUR,CIRANJANG,350,50,50,250,275
JAWA BARAT,CIANJUR,MANDE,350,50,50,250,275
JAWA BARAT,CIANJUR,KARANGTENGAH,300,50,50,250,225
JAWA BARAT,CIANJUR,CIANJUR,350,50,50,250,275
JAWA BARAT,CIANJUR,CUGENANG,300,50,50,250,225
JAWA BARAT,CIANJUR,PACET,350,50,50,250,275
JAWA BARAT,CIANJUR,CIPANAS,350,50,50,250,275
JAWA BARAT,CIANJUR,SUKARESMI,350,50,50,250,275
JAWA BARAT,CIANJUR,CIKALONGKULON,300,50,50,250,225
JAWA BARAT,BANDUNG,CIWIDEY,350,50,50,250,275
JAWA BARAT,BANDUNG,RANCABALI,350,50,50,250,275
JAWA BARAT,BANDUNG,PASIR JAMBU,350,50,50,250,275
JAWA BARAT,BANDUNG,CIMAUNG,350,50,50,250,275
JAWA BARAT,BANDUNG,PANGALENGAN,350,50,50,250,275
JAWA BARAT,BANDUNG,KERTASARI,350,50,100,250,275
JAWA BARAT,BANDUNG,PACET,350,50,100,250,275
JAWA BARAT,BANDUNG,IBUN,350,50,100,250,275
JAWA BARAT,BANDUNG,PASEH,350,50,100,250,275
JAWA BARAT,BANDUNG,CIKANCUNG,350,50,100,250,275
JAWA BARAT,BANDUNG,CICALENGKA,350,50,100,250,275
JAWA BARAT,BANDUNG,NAGREG,350,50,100,250,275
JAWA BARAT,BANDUNG,RANCAEKEK,350,50,100,250,275
JAWA BARAT,BANDUNG,MAJALAYA,350,50,100,250,275
JAWA BARAT,BANDUNG,SOLOKANJERUK,350,50,100,250,275
JAWA BARAT,BANDUNG,CIPARAY,350,50,100,250,275
JAWA BARAT,BANDUNG,BALEENDAH,350,50,100,250,275
JAWA BARAT,BANDUNG,ARJASARI,350,50,50,250,275
JAWA BARAT,BANDUNG,BANJARAN,350,50,50,250,275
JAWA BARAT,BANDUNG,CANGKUANG,350,50,50,250,275
JAWA BARAT,BANDUNG,PAMEUNGPEUK,350,50,50,250,275
JAWA BARAT,BANDUNG,KATAPANG,350,50,50,250,275
JAWA BARAT,BANDUNG,SOREANG,350,50,50,250,275
JAWA BARAT,BANDUNG,KUTAWARINGIN,350,50,50,250,275
JAWA BARAT,BANDUNG,MARGAASIH,350,50,100,250,275
JAWA BARAT,BANDUNG,MARGAHAYU,350,50,100,250,275
JAWA BARAT,BANDUNG,DAYEUHKOLOT,350,50,100,250,275
JAWA BARAT,BANDUNG,BOJONGSOANG,350,50,100,250,275
JAWA BARAT,BANDUNG,CILEUNYI,350,50,100,250,275
JAWA BARAT,BANDUNG,CILENGKRANG,350,50,100,250,275
JAWA BARAT,BANDUNG,CIMENYAN,350,50,100,250,275
JAWA BARAT,GARUT,CISEWU,350,50,100,250,275
JAWA BARAT,GARUT,CARINGIN,350,75,100,300,250
JAWA BARAT,GARUT,TALEGONG,350,50,100,250,275
JAWA BARAT,GARUT,BUNGBULANG,350,50,100,250,275
JAWA BARAT,GARUT,MEKARMUKTI,350,75,100,300,250
JAWA BARAT,GARUT,PAMULIHAN,350,50,100,250,275
JAWA BARAT,GARUT,PAKENJENG,350,50,100,250,275
JAWA BARAT,GARUT,CIKELET,350,50,100,250,275
JAWA BARAT,GARUT,PAMEUNGPEUK,350,50,100,250,275
JAWA BARAT,GARUT,CIBALONG,350,50,100,250,275
JAWA BARAT,GARUT,CISOMPET,350,50,100,250,275
JAWA BARAT,GARUT,PEUNDEUY,350,50,50,250,275
JAWA BARAT,GARUT,SINGAJAYA,350,50,50,250,275
JAWA BARAT,GARUT,CIHURIP,350,50,100,250,275
JAWA BARAT,GARUT,CIKAJANG,350,50,100,250,275
JAWA BARAT,GARUT,BANJARWANGI,350,50,100,250,275
JAWA BARAT,GARUT,CILAWU,350,50,50,250,275
JAWA BARAT,GARUT,BAYONGBONG,350,50,50,250,275
JAWA BARAT,GARUT,CIGEDUG,350,50,50,250,275
JAWA BARAT,GARUT,CISURUPAN,350,50,50,250,275
JAWA BARAT,GARUT,SUKARESMI,350,50,50,250,275
JAWA BARAT,GARUT,SAMARANG,350,50,50,250,275
JAWA BARAT,GARUT,PASIRWANGI,350,50,50,250,275
JAWA BARAT,GARUT,TAROGONG KIDUL,350,50,50,250,275
JAWA BARAT,GARUT,TAROGONG KALER,350,50,50,250,275
JAWA BARAT,GARUT,GARUT KOTA,350,50,50,250,275
JAWA BARAT,GARUT,KARANGPAWITAN,350,50,50,250,275
JAWA BARAT,GARUT,WANARAJA,350,50,50,250,275
JAWA BARAT,GARUT,SUCINARAJA,350,50,50,250,275
JAWA BARAT,GARUT,PANGATIKAN,350,50,50,250,275
JAWA BARAT,GARUT,SUKAWENING,350,50,50,250,275
JAWA BARAT,GARUT,KARANGTENGAH,350,50,50,250,275
JAWA BARAT,GARUT,BANYURESMI,350,50,50,250,275
JAWA BARAT,GARUT,LELES,350,50,50,250,275
JAWA BARAT,GARUT,LEUWIGOONG,350,50,50,250,275
JAWA BARAT,GARUT,CIBATU,350,50,50,250,275
JAWA BARAT,GARUT,KERSAMANAH,350,50,50,250,275
JAWA BARAT,GARUT,CIBIUK,350,50,50,250,275
JAWA BARAT,GARUT,KADUNGORA,350,50,50,250,275
JAWA BARAT,GARUT,BLUBUR LIMBANGAN,350,50,50,250,275
JAWA BARAT,GARUT,SELAAWI,350,50,50,250,275
JAWA BARAT,GARUT,MALANGBONG,350,50,50,250,275
JAWA BARAT,TASIKMALAYA,BANTARKALONG,350,50,100,250,275
JAWA BARAT,TASIKMALAYA,BOJONGASIH,350,50,100,250,275
JAWA BARAT,TASIKMALAYA,BOJONGGAMBIR,350,50,50,250,275
JAWA BARAT,TASIKMALAYA,CIAWI,350,50,50,250,275
JAWA BARAT,TASIKMALAYA,CIBALONG,350,50,50,250,275
JAWA BARAT,TASIKMALAYA,CIGALONTANG,350,50,50,250,275
JAWA BARAT,TASIKMALAYA,CIKALONG,350,50,50,250,275
JAWA BARAT,TASIKMALAYA,CIKATOMAS,350,50,50,250,275
JAWA BARAT,TASIKMALAYA,CINEAM,350,50,50,250,275
JAWA BARAT,TASIKMALAYA,CIPATUJAH,350,50,50,250,275
JAWA BARAT,TASIKMALAYA,CISAYONG,350,50,50,250,275
JAWA BARAT,TASIKMALAYA,CULAMEGA,350,50,50,250,275
JAWA BARAT,TASIKMALAYA,GUNUNGTANJUNG,350,50,50,250,275
JAWA BARAT,TASIKMALAYA,JAMANIS,350,50,50,250,275
JAWA BARAT,TASIKMALAYA,JATIWARAS,350,50,50,250,275
JAWA BARAT,TASIKMALAYA,KADIPATEN,350,50,100,250,275
JAWA BARAT,TASIKMALAYA,KARANGJAYA,350,50,50,250,275
JAWA BARAT,TASIKMALAYA,KARANGNUNGGAL,350,50,50,250,275
JAWA BARAT,TASIKMALAYA,LEUWISARI,350,50,50,250,275
JAWA BARAT,TASIKMALAYA,MANGUNREJA,350,50,50,250,275
JAWA BARAT,TASIKMALAYA,MANONJAYA,350,50,50,250,275
JAWA BARAT,TASIKMALAYA,PADAKEMBANG,350,50,50,250,275
JAWA BARAT,TASIKMALAYA,PAGERAGEUNG,350,50,100,250,275
JAWA BARAT,TASIKMALAYA,PANCATENGAH,350,50,50,250,275
JAWA BARAT,TASIKMALAYA,PARUNGPONTENG,350,50,50,250,275
JAWA BARAT,TASIKMALAYA,PUSPAHIANG,350,50,50,250,275
JAWA BARAT,TASIKMALAYA,RAJAPOLAH,350,50,50,250,275
JAWA BARAT,TASIKMALAYA,SALAWU,350,50,50,250,275
JAWA BARAT,TASIKMALAYA,SALOPA,350,50,50,250,275
JAWA BARAT,TASIKMALAYA,SARIWANGI,350,50,50,250,275
JAWA BARAT,TASIKMALAYA,SINGAPARNA,350,50,50,250,275
JAWA BARAT,TASIKMALAYA,SODONGHILIR,350,50,100,250,275
JAWA BARAT,TASIKMALAYA,SUKAHENING,350,50,50,250,275
JAWA BARAT,TASIKMALAYA,SUKARAJA,350,50,50,250,275
JAWA BARAT,TASIKMALAYA,SUKARAME,350,50,50,250,275
JAWA BARAT,TASIKMALAYA,SUKARATU,350,50,50,250,275
JAWA BARAT,TASIKMALAYA,SUKARESIK,350,50,100,250,275
JAWA BARAT,TASIKMALAYA,TANJUNGJAYA,350,50,50,250,275
JAWA BARAT,TASIKMALAYA,TARAJU,350,50,100,250,275
JAWA BARAT,CIAMIS,BANJARANYAR,350,50,50,250,275
JAWA BARAT,CIAMIS,BANJARSARI,350,75,50,300,250
JAWA BARAT,CIAMIS,LAKBOK,350,50,50,250,275
JAWA BARAT,CIAMIS,PURWADADI,350,50,50,250,275
JAWA BARAT,CIAMIS,PAMARICAN,350,50,50,250,275
JAWA BARAT,CIAMIS,CIDOLOG,350,50,50,250,275
JAWA BARAT,CIAMIS,CIMARAGAS,350,50,50,250,275
JAWA BARAT,CIAMIS,CIJEUNGJING,350,50,50,250,275
JAWA BARAT,CIAMIS,CISAGA,350,50,50,250,275
JAWA BARAT,CIAMIS,TAMBAKSARI,350,50,50,250,275
JAWA BARAT,CIAMIS,RANCAH,350,50,50,250,275
JAWA BARAT,CIAMIS,RAJADESA,350,50,50,250,275
JAWA BARAT,CIAMIS,SUKADANA,350,50,50,250,275
JAWA BARAT,CIAMIS,CIAMIS,350,50,50,250,275
JAWA BARAT,CIAMIS,BAREGBEG,350,50,50,250,275
JAWA BARAT,CIAMIS,CIKONENG,350,50,50,250,275
JAWA BARAT,CIAMIS,SINDANGKASIH,350,50,50,250,275
JAWA BARAT,CIAMIS,CIHAURBEUTI,350,50,50,250,275
JAWA BARAT,CIAMIS,SADANANYA,350,50,50,250,275
JAWA BARAT,CIAMIS,CIPAKU,350,50,50,250,275
JAWA BARAT,CIAMIS,JATINAGARA,350,50,50,250,275
JAWA BARAT,CIAMIS,PANAWANGAN,350,50,50,250,275
JAWA BARAT,CIAMIS,KAWALI,350,50,50,250,275
JAWA BARAT,CIAMIS,LUMBUNG,350,50,50,250,275
JAWA BARAT,CIAMIS,PANJALU,350,50,50,250,275
JAWA BARAT,CIAMIS,SUKAMANTRI,350,50,50,250,275
JAWA BARAT,CIAMIS,PANUMBANGAN,350,50,100,250,275
JAWA BARAT,KUNINGAN,DARMA,350,50,50,250,275
JAWA BARAT,KUNINGAN,KADUGEDE,350,50,50,250,275
JAWA BARAT,KUNINGAN,NUSAHERANG,350,50,50,250,275
JAWA BARAT,KUNINGAN,CINIRU,350,50,50,250,275
JAWA BARAT,KUNINGAN,HANTARA,350,50,50,250,275
JAWA BARAT,KUNINGAN,SELAJAMBE,350,50,50,250,275
JAWA BARAT,KUNINGAN,SUBANG,350,50,50,250,275
JAWA BARAT,KUNINGAN,CILEBAK,350,50,50,250,275
JAWA BARAT,KUNINGAN,CIWARU,350,50,50,250,275
JAWA BARAT,KUNINGAN,KARANG KANCANA,350,50,50,250,275
JAWA BARAT,KUNINGAN,CIBINGBIN,350,50,100,250,275
JAWA BARAT,KUNINGAN,CIBEUREUM,350,50,100,250,275
JAWA BARAT,KUNINGAN,LURAGUNG,350,50,50,250,275
JAWA BARAT,KUNINGAN,CIMAHI,350,50,100,250,275
JAWA BARAT,KUNINGAN,CIDAHU,350,50,50,250,275
JAWA BARAT,KUNINGAN,KALIMANGGIS,350,50,50,250,275
JAWA BARAT,KUNINGAN,CIAWIGEBANG,350,50,50,250,275
JAWA BARAT,KUNINGAN,CIPICUNG,350,50,50,250,275
JAWA BARAT,KUNINGAN,LEBAKWANGI,350,50,50,250,275
JAWA BARAT,KUNINGAN,MALEBER,350,50,50,250,275
JAWA BARAT,KUNINGAN,GARAWANGI,350,50,50,250,275
JAWA BARAT,KUNINGAN,SINDANGAGUNG,350,50,50,250,275
JAWA BARAT,KUNINGAN,KUNINGAN,350,50,50,250,275
JAWA BARAT,KUNINGAN,CIGUGUR,350,50,50,250,275
JAWA BARAT,KUNINGAN,KRAMATMULYA,350,50,50,250,275
JAWA BARAT,KUNINGAN,JALAKSANA,350,50,50,250,275
JAWA BARAT,KUNINGAN,JAPARA,350,50,50,250,275
JAWA BARAT,KUNINGAN,CILIMUS,350,50,50,250,275
JAWA BARAT,KUNINGAN,CIGANDAMEKAR,350,50,50,250,275
JAWA BARAT,KUNINGAN,MANDIRANCAN,350,50,50,250,275
JAWA BARAT,KUNINGAN,PANCALANG,350,50,50,250,275
JAWA BARAT,KUNINGAN,PASAWAHAN,350,50,50,250,275
JAWA BARAT,CIREBON,WALED,350,50,50,250,275
JAWA BARAT,CIREBON,PASALEMAN,350,50,50,250,275
JAWA BARAT,CIREBON,CILEDUG,350,50,50,250,275
JAWA BARAT,CIREBON,PABUARAN,350,50,50,250,275
JAWA BARAT,CIREBON,LOSARI,350,50,100,250,275
JAWA BARAT,CIREBON,PABEDILAN,350,50,100,250,275
JAWA BARAT,CIREBON,BABAKAN,350,50,50,250,275
JAWA BARAT,CIREBON,GEBANG,350,50,50,250,275
JAWA BARAT,CIREBON,KARANGSEMBUNG,350,50,50,250,275
JAWA BARAT,CIREBON,KARANGWARENG,350,50,50,250,275
JAWA BARAT,CIREBON,LEMAHABANG,350,50,50,250,275
JAWA BARAT,CIREBON,SUSUKAN LEBAK,350,50,50,250,275
JAWA BARAT,CIREBON,SEDONG,350,50,50,250,275
JAWA BARAT,CIREBON,ASTANAJAPURA,350,50,50,250,275
JAWA BARAT,CIREBON,PANGENAN,350,50,50,250,275
JAWA BARAT,CIREBON,MUNDU,350,50,50,250,275
JAWA BARAT,CIREBON,BEBER,350,50,50,250,275
JAWA BARAT,CIREBON,GREGED,350,50,50,250,275
JAWA BARAT,CIREBON,TALUN,350,50,50,250,275
JAWA BARAT,CIREBON,SUMBER,350,50,50,250,275
JAWA BARAT,CIREBON,DUKUPUNTANG,350,50,50,250,275
JAWA BARAT,CIREBON,PALIMANAN,350,75,50,300,250
JAWA BARAT,CIREBON,PLUMBON,350,75,50,300,250
JAWA BARAT,CIREBON,DEPOK,350,50,50,250,275
JAWA BARAT,CIREBON,WERU,350,50,50,250,275
JAWA BARAT,CIREBON,PLERED,350,75,50,300,250
JAWA BARAT,CIREBON,TENGAHTANI,350,75,50,300,250
JAWA BARAT,CIREBON,KEDAWUNG,350,75,50,300,250
JAWA BARAT,CIREBON,GUNUNGJATI,350,75,50,300,250
JAWA BARAT,CIREBON,KAPETAKAN,350,50,50,250,275
JAWA BARAT,CIREBON,SURANENGGALA,350,75,50,300,250
JAWA BARAT,CIREBON,KLANGENAN,350,75,50,300,250
JAWA BARAT,CIREBON,JAMBLANG,350,75,50,300,250
JAWA BARAT,CIREBON,ARJAWINANGUN,350,50,50,250,275
JAWA BARAT,CIREBON,PANGURAGAN,350,50,50,250,275
JAWA BARAT,CIREBON,CIWARINGIN,350,50,50,250,275
JAWA BARAT,CIREBON,GEMPOL,350,50,50,250,275
JAWA BARAT,CIREBON,SUSUKAN,350,50,50,250,275
JAWA BARAT,CIREBON,GEGESIK,350,50,50,250,275
JAWA BARAT,CIREBON,KALIWEDI,350,50,50,250,275
JAWA BARAT,MAJALENGKA,LEMAHSUGIH,350,50,50,250,275
JAWA BARAT,MAJALENGKA,BANTARUJEG,350,50,50,250,275
JAWA BARAT,MAJALENGKA,MALAUSMA,350,50,50,250,275
JAWA BARAT,MAJALENGKA,CIKIJING,350,50,50,250,275
JAWA BARAT,MAJALENGKA,CINGAMBUL,350,50,50,250,275
JAWA BARAT,MAJALENGKA,TALAGA,350,50,50,250,275
JAWA BARAT,MAJALENGKA,BANJARAN,350,50,50,250,275
JAWA BARAT,MAJALENGKA,ARGAPURA,350,50,50,250,275
JAWA BARAT,MAJALENGKA,MAJA,350,50,50,250,275
JAWA BARAT,MAJALENGKA,MAJALENGKA,350,50,50,250,275
JAWA BARAT,MAJALENGKA,CIGASONG,350,50,50,250,275
JAWA BARAT,MAJALENGKA,SUKAHAJI,350,50,50,250,275
JAWA BARAT,MAJALENGKA,SINDANG,350,50,50,250,275
JAWA BARAT,MAJALENGKA,RAJAGALUH,350,50,50,250,275
JAWA BARAT,MAJALENGKA,SINDANGWANGI,350,50,50,250,275
JAWA BARAT,MAJALENGKA,LEUWIMUNDING,350,50,50,250,275
JAWA BARAT,MAJALENGKA,PALASAH,350,50,50,250,275
JAWA BARAT,MAJALENGKA,JATIWANGI,350,50,50,250,275
JAWA BARAT,MAJALENGKA,DAWUAN,350,50,50,250,275
JAWA BARAT,MAJALENGKA,KASOKANDEL,350,50,50,250,275
JAWA BARAT,MAJALENGKA,PANYINGKIRAN,350,50,50,250,275
JAWA BARAT,MAJALENGKA,KADIPATEN,350,50,50,250,275
JAWA BARAT,MAJALENGKA,KERTAJATI,350,50,50,250,275
JAWA BARAT,MAJALENGKA,JATITUJUH,350,50,50,250,275
JAWA BARAT,MAJALENGKA,LIGUNG,350,50,50,250,275
JAWA BARAT,MAJALENGKA,SUMBERJAYA,350,50,50,250,275
JAWA BARAT,SUMEDANG,JATINANGOR,350,50,50,250,275
JAWA BARAT,SUMEDANG,CIMANGGUNG,350,50,50,250,275
JAWA BARAT,SUMEDANG,TANJUNGSARI,350,50,50,250,275
JAWA BARAT,SUMEDANG,SUKASARI,350,50,50,250,275
JAWA BARAT,SUMEDANG,PAMULIHAN,350,50,50,250,275
JAWA BARAT,SUMEDANG,RANCAKALONG,350,50,50,250,275
JAWA BARAT,SUMEDANG,SUMEDANG SELATAN,350,50,50,250,275
JAWA BARAT,SUMEDANG,SUMEDANG UTARA,350,50,50,250,275
JAWA BARAT,SUMEDANG,GANEAS,350,50,50,250,275
JAWA BARAT,SUMEDANG,SITURAJA,350,50,50,250,275
JAWA BARAT,SUMEDANG,CISITU,350,50,50,250,275
JAWA BARAT,SUMEDANG,DARMARAJA,350,50,50,250,275
JAWA BARAT,SUMEDANG,CIBUGEL,350,50,50,250,275
JAWA BARAT,SUMEDANG,WADO,350,50,50,250,275
JAWA BARAT,SUMEDANG,JATINUNGGAL,350,50,50,250,275
JAWA BARAT,SUMEDANG,JATIGEDE,350,50,50,250,275
JAWA BARAT,SUMEDANG,TOMO,350,50,50,250,275
JAWA BARAT,SUMEDANG,UJUNGJAYA,350,50,50,250,275
JAWA BARAT,SUMEDANG,CONGGEANG,350,50,50,250,275
JAWA BARAT,SUMEDANG,PASEH,350,50,50,250,275
JAWA BARAT,SUMEDANG,CIMALAKA,350,50,50,250,275
JAWA BARAT,SUMEDANG,CISARUA,350,50,50,250,275
JAWA BARAT,SUMEDANG,TANJUNGKERTA,350,75,50,300,250
JAWA BARAT,SUMEDANG,TANJUNGMEDAR,350,75,50,300,250
JAWA BARAT,SUMEDANG,BUAHDUA,350,50,50,250,275
JAWA BARAT,SUMEDANG,SURIAN,350,50,50,250,275
JAWA BARAT,INDRAMAYU,HAURGEULIS,300,50,50,250,225
JAWA BARAT,INDRAMAYU,GANTAR,350,50,100,250,275
JAWA BARAT,INDRAMAYU,KROYA,350,50,100,250,275
JAWA BARAT,INDRAMAYU,GABUSWETAN,350,50,50,250,275
JAWA BARAT,INDRAMAYU,CIKEDUNG,350,50,50,250,275
JAWA BARAT,INDRAMAYU,TERISI,350,50,100,250,275
JAWA BARAT,INDRAMAYU,LELEA,350,50,50,250,275
JAWA BARAT,INDRAMAYU,BANGODUA,300,50,50,250,225
JAWA BARAT,INDRAMAYU,TUKDANA,300,50,50,250,225
JAWA BARAT,INDRAMAYU,WIDASARI,300,50,50,250,225
JAWA BARAT,INDRAMAYU,KERTASEMAYA,350,50,50,250,275
JAWA BARAT,INDRAMAYU,SUKAGUMIWANG,300,50,50,250,225
JAWA BARAT,INDRAMAYU,KRANGKENG,350,50,50,250,275
JAWA BARAT,INDRAMAYU,KARANGAMPEL,350,50,50,250,275
JAWA BARAT,INDRAMAYU,KEDOKANBUNDER,350,50,50,250,275
JAWA BARAT,INDRAMAYU,JUNTINYUAT,350,50,50,250,275
JAWA BARAT,INDRAMAYU,SLIYEG,350,50,50,250,275
JAWA BARAT,INDRAMAYU,JATIBARANG,350,50,50,250,275
JAWA BARAT,INDRAMAYU,BALONGAN,350,50,50,250,275
JAWA BARAT,INDRAMAYU,INDRAMAYU,350,50,50,250,275
JAWA BARAT,INDRAMAYU,SINDANG,350,50,50,250,275
JAWA BARAT,INDRAMAYU,CANTIGI,350,50,50,250,275
JAWA BARAT,INDRAMAYU,PASEKAN,350,50,50,250,275
JAWA BARAT,INDRAMAYU,LOHBENER,350,50,50,250,275
JAWA BARAT,INDRAMAYU,ARAHAN,350,50,50,250,275
JAWA BARAT,INDRAMAYU,LOSARANG,350,50,50,250,275
JAWA BARAT,INDRAMAYU,KANDANGHAUR,300,50,50,250,225
JAWA BARAT,INDRAMAYU,BONGAS,350,50,50,250,275
JAWA BARAT,INDRAMAYU,ANJATAN,350,50,50,250,275
JAWA BARAT,INDRAMAYU,SUKRA,350,50,50,250,275
JAWA BARAT,INDRAMAYU,PATROL,350,50,50,250,275
JAWA BARAT,SUBANG,SAGALAHERANG,350,50,50,250,275
JAWA BARAT,SUBANG,SERANGPANJANG,350,50,50,250,275
JAWA BARAT,SUBANG,JALANCAGAK,350,50,50,250,275
JAWA BARAT,SUBANG,CIATER,350,50,50,250,275
JAWA BARAT,SUBANG,CISALAK,350,50,50,250,275
JAWA BARAT,SUBANG,KASOMALANG,350,50,50,250,275
JAWA BARAT,SUBANG,TANJUNGSIANG,350,50,50,250,275
JAWA BARAT,SUBANG,CIJAMBE,350,50,50,250,275
JAWA BARAT,SUBANG,CIBOGO,350,50,100,250,275
JAWA BARAT,SUBANG,SUBANG,300,50,100,250,225
JAWA BARAT,SUBANG,KALIJATI,350,50,50,250,275
JAWA BARAT,SUBANG,DAWUAN,350,50,100,250,275
JAWA BARAT,SUBANG,CIPEUNDEUY,350,50,100,250,275
JAWA BARAT,SUBANG,PABUARAN,350,50,100,250,275
JAWA BARAT,SUBANG,PATOKBEUSI,350,50,50,250,275
JAWA BARAT,SUBANG,PURWADADI,350,50,50,250,275
JAWA BARAT,SUBANG,CIKAUM,350,50,50,250,275
JAWA BARAT,SUBANG,PAGADEN,350,50,100,250,275
JAWA BARAT,SUBANG,PAGADEN BARAT,350,50,100,250,275
JAWA BARAT,SUBANG,CIPUNAGARA,350,50,100,250,275
JAWA BARAT,SUBANG,COMPRENG,350,50,50,250,275
JAWA BARAT,SUBANG,BINONG,350,50,50,250,275
JAWA BARAT,SUBANG,TAMBAKDAHAN,350,50,50,250,275
JAWA BARAT,SUBANG,CIASEM,350,50,50,250,275
JAWA BARAT,SUBANG,PAMANUKAN,350,50,50,250,275
JAWA BARAT,SUBANG,SUKASARI,350,50,50,250,275
JAWA BARAT,SUBANG,PUSAKANAGARA,350,50,50,250,275
JAWA BARAT,SUBANG,PUSAKAJAYA,350,50,50,250,275
JAWA BARAT,SUBANG,LEGONKULON,350,50,50,250,275
JAWA BARAT,SUBANG,BLANAKAN,350,50,50,250,275
JAWA BARAT,PURWAKARTA,JATILUHUR,350,50,50,250,275
JAWA BARAT,PURWAKARTA,SUKASARI,350,50,50,250,275
JAWA BARAT,PURWAKARTA,MANIIS,350,50,50,250,275
JAWA BARAT,PURWAKARTA,TEGALWARU,350,50,50,250,275
JAWA BARAT,PURWAKARTA,PLERED,350,50,50,250,275
JAWA BARAT,PURWAKARTA,SUKATANI,350,50,50,250,275
JAWA BARAT,PURWAKARTA,DARANGDAN,350,50,50,250,275
JAWA BARAT,PURWAKARTA,BOJONG,350,50,50,250,275
JAWA BARAT,PURWAKARTA,WANAYASA,350,50,50,250,275
JAWA BARAT,PURWAKARTA,KIARAPEDES,350,50,100,250,275
JAWA BARAT,PURWAKARTA,PASAWAHAN,350,50,50,250,275
JAWA BARAT,PURWAKARTA,PONDOKSALAM,350,50,50,250,275
JAWA BARAT,PURWAKARTA,PURWAKARTA,350,50,50,250,275
JAWA BARAT,PURWAKARTA,BABAKANCIKAO,350,75,50,300,250
JAWA BARAT,PURWAKARTA,CAMPAKA,350,50,100,250,275
JAWA BARAT,PURWAKARTA,CIBATU,350,50,100,250,275
JAWA BARAT,PURWAKARTA,BUNGURSARI,350,50,100,250,275
JAWA BARAT,KARAWANG,PANGKALAN,350,50,50,250,275
JAWA BARAT,KARAWANG,TEGALWARU,350,50,50,250,275
JAWA BARAT,KARAWANG,CIAMPEL,300,75,50,300,200
JAWA BARAT,KARAWANG,TELUKJAMBE TIMUR,350,50,50,250,275
JAWA BARAT,KARAWANG,TELUKJAMBE BARAT,350,50,50,250,275
JAWA BARAT,KARAWANG,KLARI,350,75,50,300,250
JAWA BARAT,KARAWANG,CIKAMPEK,350,50,50,250,275
JAWA BARAT,KARAWANG,PURWASARI,350,50,50,250,275
JAWA BARAT,KARAWANG,TIRTAMULYA,350,50,50,250,275
JAWA BARAT,KARAWANG,JATISARI,350,50,50,250,275
JAWA BARAT,KARAWANG,BANYUSARI,350,50,50,250,275
JAWA BARAT,KARAWANG,KOTABARU,350,50,50,250,275
JAWA BARAT,KARAWANG,CILAMAYA WETAN,350,50,50,250,275
JAWA BARAT,KARAWANG,CILAMAYA KULON,350,50,50,250,275
JAWA BARAT,KARAWANG,LEMAHABANG,350,50,50,250,275
JAWA BARAT,KARAWANG,TALAGASARI,350,50,50,250,275
JAWA BARAT,KARAWANG,MAJALAYA,350,50,100,250,275
JAWA BARAT,KARAWANG,KARAWANG TIMUR,350,50,50,250,275
JAWA BARAT,KARAWANG,KARAWANG BARAT,350,50,100,250,275
JAWA BARAT,KARAWANG,RAWAMERTA,350,50,50,250,275
JAWA BARAT,KARAWANG,TEMPURAN,350,50,50,250,275
JAWA BARAT,KARAWANG,KUTAWALUYA,350,50,50,250,275
JAWA BARAT,KARAWANG,RENGASDENGKLOK,350,50,50,250,275
JAWA BARAT,KARAWANG,JAYAKERTA,350,50,50,250,275
JAWA BARAT,KARAWANG,PEDES,350,50,50,250,275
JAWA BARAT,KARAWANG,CILEBAR,350,50,50,250,275
JAWA BARAT,KARAWANG,CIBUAYA,350,50,50,250,275
JAWA BARAT,KARAWANG,TIRTAJAYA,350,50,50,250,275
JAWA BARAT,KARAWANG,BATUJAYA,350,75,50,300,250
JAWA BARAT,KARAWANG,PAKISJAYA,350,50,50,250,275
JAWA BARAT,BEKASI,BABELAN,350,50,50,250,275
JAWA BARAT,BEKASI,BOJONGMANGU,350,50,50,250,275
JAWA BARAT,BEKASI,CABANGBUNGIN,350,50,50,250,275
JAWA BARAT,BEKASI,CIBARUSAH,350,50,50,250,275
JAWA BARAT,BEKASI,CIBITUNG,350,50,50,250,275
JAWA BARAT,BEKASI,CIKARANG BARAT,350,50,50,250,275
JAWA BARAT,BEKASI,CIKARANG PUSAT,350,50,50,250,275
JAWA BARAT,BEKASI,CIKARANG SELATAN,350,50,50,250,275
JAWA BARAT,BEKASI,CIKARANG TIMUR,350,50,50,250,275
JAWA BARAT,BEKASI,CIKARANG UTARA,350,50,50,250,275
JAWA BARAT,BEKASI,KARANGBAHAGIA,350,50,50,250,275
JAWA BARAT,BEKASI,KEDUNGWARINGIN,350,50,50,250,275
JAWA BARAT,BEKASI,MUARAGEMBONG,350,50,50,250,275
JAWA BARAT,BEKASI,PEBAYURAN,350,50,50,250,275
JAWA BARAT,BEKASI,SERANG BARU,350,50,50,250,275
JAWA BARAT,BEKASI,SETU,350,50,50,250,275
JAWA BARAT,BEKASI,SUKAKARYA,350,50,50,250,275
JAWA BARAT,BEKASI,SUKATANI,350,50,50,250,275
JAWA BARAT,BEKASI,SUKAWANGI,350,50,50,250,275
JAWA BARAT,BEKASI,TAMBELANG,350,50,50,250,275
JAWA BARAT,BEKASI,TAMBUN SELATAN,350,50,50,250,275
JAWA BARAT,BEKASI,TAMBUN UTARA,350,50,50,250,275
JAWA BARAT,BEKASI,TARUMAJAYA,350,50,50,250,275
JAWA BARAT,BANDUNG BARAT,RONGGA,350,50,50,250,275
JAWA BARAT,BANDUNG BARAT,GUNUNGHALU,350,50,50,250,275
JAWA BARAT,BANDUNG BARAT,SINDANGKERTA,350,50,50,250,275
JAWA BARAT,BANDUNG BARAT,CILILIN,350,50,50,250,275
JAWA BARAT,BANDUNG BARAT,CIHAMPELAS,350,50,100,250,275
JAWA BARAT,BANDUNG BARAT,CIPONGKOR,350,50,50,250,275
JAWA BARAT,BANDUNG BARAT,BATUJAJAR,350,75,100,300,250
JAWA BARAT,BANDUNG BARAT,SAGULING,350,50,50,250,275
JAWA BARAT,BANDUNG BARAT,CIPATAT,350,50,50,250,275
JAWA BARAT,BANDUNG BARAT,PADALARANG,350,50,50,250,275
JAWA BARAT,BANDUNG BARAT,NGAMPRAH,350,50,50,250,275
JAWA BARAT,BANDUNG BARAT,PARONGPONG,350,50,50,250,275
JAWA BARAT,BANDUNG BARAT,LEMBANG,300,50,50,250,225
JAWA BARAT,BANDUNG BARAT,CISARUA,350,50,50,250,275
JAWA BARAT,BANDUNG BARAT,CIKALONG WETAN,350,50,50,250,275
JAWA BARAT,BANDUNG BARAT,CIPEUNDEUY,350,50,100,250,275
JAWA BARAT,PANGANDARAN,CIMERAK,300,50,50,250,225
JAWA BARAT,PANGANDARAN,CIJULANG,300,50,50,250,225
JAWA BARAT,PANGANDARAN,CIGUGUR,300,50,50,250,225
JAWA BARAT,PANGANDARAN,LANGKAPLANCAR,300,50,50,250,225
JAWA BARAT,PANGANDARAN,PARIGI,300,50,50,250,225
JAWA BARAT,PANGANDARAN,SIDAMULIH,300,50,50,250,225
JAWA BARAT,PANGANDARAN,PANGANDARAN,300,50,100,250,225
JAWA BARAT,PANGANDARAN,KALIPUCANG,300,50,50,250,225
JAWA BARAT,PANGANDARAN,PADAHERANG,350,50,50,250,275
JAWA BARAT,PANGANDARAN,MANGUNJAYA,350,50,50,250,275
JAWA BARAT,KOTA BOGOR,BOGOR SELATAN,350,50,50,250,275
JAWA BARAT,KOTA BOGOR,BOGOR TIMUR,350,50,50,250,275
JAWA BARAT,KOTA BOGOR,BOGOR UTARA,350,50,50,250,275
JAWA BARAT,KOTA BOGOR,BOGOR TENGAH,350,50,50,250,275
JAWA BARAT,KOTA BOGOR,BOGOR BARAT,350,50,50,250,275
JAWA BARAT,KOTA BOGOR,TANAH SEREAL,350,50,50,250,275
JAWA BARAT,KOTA SUKABUMI,BAROS,350,50,50,250,275
JAWA BARAT,KOTA SUKABUMI,LEMBURSITU,350,50,50,250,275
JAWA BARAT,KOTA SUKABUMI,CIBEUREUM,350,50,50,250,275
JAWA BARAT,KOTA SUKABUMI,CITAMIANG,350,50,50,250,275
JAWA BARAT,KOTA SUKABUMI,WARUDOYONG,350,50,50,250,275
JAWA BARAT,KOTA SUKABUMI,GUNUNG PUYUH,350,50,50,250,275
JAWA BARAT,KOTA SUKABUMI,CIKOLE,350,50,50,250,275
JAWA BARAT,KOTA BANDUNG,BANDUNG KULON,350,50,100,250,275
JAWA BARAT,KOTA BANDUNG,BABAKAN CIPARAY,350,50,100,250,275
JAWA BARAT,KOTA BANDUNG,BOJONGLOA KALER,350,50,100,250,275
JAWA BARAT,KOTA BANDUNG,BOJONGLOA KIDUL,350,50,100,250,275
JAWA BARAT,KOTA BANDUNG,ASTANAANYAR,350,50,100,250,275
JAWA BARAT,KOTA BANDUNG,REGOL,350,50,100,250,275
JAWA BARAT,KOTA BANDUNG,LENGKONG,350,50,100,250,275
JAWA BARAT,KOTA BANDUNG,BANDUNG KIDUL,350,50,100,250,275
JAWA BARAT,KOTA BANDUNG,BUAH BATU,350,50,100,250,275
JAWA BARAT,KOTA BANDUNG,RANCASARI,350,50,100,250,275
JAWA BARAT,KOTA BANDUNG,GEDEBAGE,350,50,100,250,275
JAWA BARAT,KOTA BANDUNG,CIBIRU,350,50,100,250,275
JAWA BARAT,KOTA BANDUNG,PANYILEUKAN,350,50,100,250,275
JAWA BARAT,KOTA BANDUNG,UJUNGBERUNG,350,50,100,250,275
JAWA BARAT,KOTA BANDUNG,CINAMBO,350,50,100,250,275
JAWA BARAT,KOTA BANDUNG,ARCAMANIK,350,50,100,250,275
JAWA BARAT,KOTA BANDUNG,ANTAPANI,350,50,100,250,275
JAWA BARAT,KOTA BANDUNG,MANDALAJATI,350,50,100,250,275
JAWA BARAT,KOTA BANDUNG,KIARACONDONG,350,50,100,250,275
JAWA BARAT,KOTA BANDUNG,BATUNUNGGAL,350,50,100,250,275
JAWA BARAT,KOTA BANDUNG,SUMUR BANDUNG,350,50,100,250,275
JAWA BARAT,KOTA BANDUNG,ANDIR,350,50,100,250,275
JAWA BARAT,KOTA BANDUNG,CICENDO,350,50,100,250,275
JAWA BARAT,KOTA BANDUNG,BANDUNG WETAN,350,50,100,250,275
JAWA BARAT,KOTA BANDUNG,CIBEUNYING KIDUL,350,50,100,250,275
JAWA BARAT,KOTA BANDUNG,CIBEUNYING KALER,350,50,100,250,275
JAWA BARAT,KOTA BANDUNG,COBLONG,350,50,50,250,275
JAWA BARAT,KOTA BANDUNG,SUKAJADI,350,50,50,250,275
JAWA BARAT,KOTA BANDUNG,SUKASARI,350,50,50,250,275
JAWA BARAT,KOTA BANDUNG,CIDADAP,350,50,50,250,275
JAWA BARAT,KOTA CIREBON,HARJAMUKTI,300,50,50,250,225
JAWA BARAT,KOTA CIREBON,LEMAHWUNGKUK,300,50,50,250,225
JAWA BARAT,KOTA CIREBON,PEKALIPAN,300,50,50,250,225
JAWA BARAT,KOTA CIREBON,KESAMBI,300,50,50,250,225
JAWA BARAT,KOTA CIREBON,KEJAKSAN,300,75,50,300,200
JAWA BARAT,KOTA BEKASI,BANTARGEBANG,350,50,50,250,275
JAWA BARAT,KOTA BEKASI,BEKASI BARAT,350,50,50,250,275
JAWA BARAT,KOTA BEKASI,BEKASI SELATAN,350,50,50,250,275
JAWA BARAT,KOTA BEKASI,BEKASI TIMUR,350,50,50,250,275
JAWA BARAT,KOTA BEKASI,BEKASI UTARA,350,50,50,250,275
JAWA BARAT,KOTA BEKASI,JATIASIH,350,50,50,250,275
JAWA BARAT,KOTA BEKASI,JATISAMPURNA,350,50,50,250,275
JAWA BARAT,KOTA BEKASI,MEDAN SATRIA,350,50,50,250,275
JAWA BARAT,KOTA BEKASI,MUSTIKAJAYA,350,50,100,250,275
JAWA BARAT,KOTA BEKASI,PONDOKGEDE,350,50,100,250,275
JAWA BARAT,KOTA BEKASI,PONDOKMELATI,350,50,100,250,275
JAWA BARAT,KOTA BEKASI,RAWALUMBU,350,50,100,250,275
JAWA BARAT,KOTA DEPOK,SAWANGAN,350,50,50,250,275
JAWA BARAT,KOTA DEPOK,BOJONGSARI,350,75,50,300,250
JAWA BARAT,KOTA DEPOK,PANCORAN MAS,350,75,50,300,250
JAWA BARAT,KOTA DEPOK,CIPAYUNG,350,50,50,250,275
JAWA BARAT,KOTA DEPOK,SUKMA JAYA,350,50,50,250,275
JAWA BARAT,KOTA DEPOK,CILODONG,350,50,50,250,275
JAWA BARAT,KOTA DEPOK,CIMANGGIS,350,50,50,250,275
JAWA BARAT,KOTA DEPOK,TAPOS,350,50,50,250,275
JAWA BARAT,KOTA DEPOK,BEJI,350,50,50,250,275
JAWA BARAT,KOTA DEPOK,LIMO,350,50,50,250,275
JAWA BARAT,KOTA DEPOK,CINERE,350,50,50,250,275
JAWA BARAT,KOTA CIMAHI,CIMAHI SELATAN,350,50,50,250,275
JAWA BARAT,KOTA CIMAHI,CIMAHI TENGAH,350,50,50,250,275
JAWA BARAT,KOTA CIMAHI,CIMAHI UTARA,350,50,50,250,275
JAWA BARAT,KOTA TASIKMALAYA,KAWALU,350,50,50,250,275
JAWA BARAT,KOTA TASIKMALAYA,TAMANSARI,350,50,50,250,275
JAWA BARAT,KOTA TASIKMALAYA,CIBEUREUM,350,50,100,250,275
JAWA BARAT,KOTA TASIKMALAYA,PURBARATU,350,50,50,250,275
JAWA BARAT,KOTA TASIKMALAYA,TAWANG,350,50,100,250,275
JAWA BARAT,KOTA TASIKMALAYA,CIHIDEUNG,350,50,50,250,275
JAWA BARAT,KOTA TASIKMALAYA,MANGKUBUMI,350,50,50,250,275
JAWA BARAT,KOTA TASIKMALAYA,INDIHIANG,350,50,50,250,275
JAWA BARAT,KOTA TASIKMALAYA,BUNGURSARI,350,50,50,250,275
JAWA BARAT,KOTA TASIKMALAYA,CIPEDES,350,50,50,250,275
JAWA BARAT,KOTA BANJAR,BANJAR,350,50,100,250,275
JAWA BARAT,KOTA BANJAR,LANGENSARI,350,50,50,250,275
JAWA BARAT,KOTA BANJAR,PATARUMAN,350,50,50,250,275
JAWA BARAT,KOTA BANJAR,PURWAHARJA,350,50,50,250,275
JAWA TENGAH,CILACAP,DAYEUHLUHUR,350,50,50,250,275
JAWA TENGAH,CILACAP,WANAREJA,350,50,50,250,275
JAWA TENGAH,CILACAP,MAJENANG,350,50,50,250,275
JAWA TENGAH,CILACAP,CIMANGGU,350,50,50,250,275
JAWA TENGAH,CILACAP,KARANGPUCUNG,350,50,50,250,275
JAWA TENGAH,CILACAP,CIPARI,350,50,50,250,275
JAWA TENGAH,CILACAP,SIDAREJA,350,50,50,250,275
JAWA TENGAH,CILACAP,KEDUNGREJA,350,50,50,250,275
JAWA TENGAH,CILACAP,PATIMUAN,350,50,50,250,275
JAWA TENGAH,CILACAP,GANDRUNGMANGU,350,50,50,250,275
JAWA TENGAH,CILACAP,BANTARSARI,350,50,50,250,275
JAWA TENGAH,CILACAP,KAWUNGANTEN,350,50,50,250,275
JAWA TENGAH,CILACAP,KAMPUNG LAUT,350,50,50,250,275
JAWA TENGAH,CILACAP,JERUKLEGI,350,75,50,300,250
JAWA TENGAH,CILACAP,KESUGIHAN,350,50,50,250,275
JAWA TENGAH,CILACAP,ADIPALA,350,50,50,250,275
JAWA TENGAH,CILACAP,MAOS,350,50,50,250,275
JAWA TENGAH,CILACAP,SAMPANG,350,50,50,250,275
JAWA TENGAH,CILACAP,KROYA,350,50,50,250,275
JAWA TENGAH,CILACAP,BINANGUN,350,50,50,250,275
JAWA TENGAH,CILACAP,NUSAWUNGU,350,50,50,250,275
JAWA TENGAH,CILACAP,CILACAP SELATAN,350,50,50,250,275
JAWA TENGAH,CILACAP,CILACAP TENGAH,350,75,50,300,250
JAWA TENGAH,CILACAP,CILACAP UTARA,350,50,50,250,275
JAWA TENGAH,BANYUMAS,LUMBIR,350,50,50,250,275
JAWA TENGAH,BANYUMAS,WANGON,350,50,50,250,275
JAWA TENGAH,BANYUMAS,JATILAWANG,350,50,50,250,275
JAWA TENGAH,BANYUMAS,RAWALO,350,50,50,250,275
JAWA TENGAH,BANYUMAS,KEBASEN,350,50,50,250,275
JAWA TENGAH,BANYUMAS,KEMRANJEN,350,50,50,250,275
JAWA TENGAH,BANYUMAS,SUMPIUH,350,50,50,250,275
JAWA TENGAH,BANYUMAS,TAMBAK,350,50,50,250,275
JAWA TENGAH,BANYUMAS,SOMAGEDE,350,50,50,250,275
JAWA TENGAH,BANYUMAS,KALIBAGOR,350,50,50,250,275
JAWA TENGAH,BANYUMAS,BANYUMAS,300,50,50,250,225
JAWA TENGAH,BANYUMAS,PATIKRAJA,300,50,50,250,225
JAWA TENGAH,BANYUMAS,PURWOJATI,350,50,50,250,275
JAWA TENGAH,BANYUMAS,AJIBARANG,300,50,50,250,225
JAWA TENGAH,BANYUMAS,GUMELAR,300,50,50,250,225
JAWA TENGAH,BANYUMAS,PEKUNCEN,300,50,50,250,225
JAWA TENGAH,BANYUMAS,CILONGOK,300,50,100,250,225
JAWA TENGAH,BANYUMAS,KARANGLEWAS,300,50,100,250,225
JAWA TENGAH,BANYUMAS,KEDUNG BANTENG,300,50,100,250,225
JAWA TENGAH,BANYUMAS,BATURRADEN,300,50,50,250,225
JAWA TENGAH,BANYUMAS,SUMBANG,350,50,100,250,275
JAWA TENGAH,BANYUMAS,KEMBARAN,300,50,50,250,225
JAWA TENGAH,BANYUMAS,SOKARAJA,300,50,50,250,225
JAWA TENGAH,BANYUMAS,PURWOKERTO SELATAN,300,50,50,250,225
JAWA TENGAH,BANYUMAS,PURWOKERTO BARAT,300,50,100,250,225
JAWA TENGAH,BANYUMAS,PURWOKERTO TIMUR,300,50,50,250,225
JAWA TENGAH,BANYUMAS,PURWOKERTO UTARA,300,50,100,250,225
JAWA TENGAH,PURBALINGGA,KEMANGKON,350,50,50,250,275
JAWA TENGAH,PURBALINGGA,BUKATEJA,300,50,50,250,225
JAWA TENGAH,PURBALINGGA,KEJOBONG,350,50,50,250,275
JAWA TENGAH,PURBALINGGA,PENGADEGAN,350,50,50,250,275
JAWA TENGAH,PURBALINGGA,KALIGONDANG,350,50,50,250,275
JAWA TENGAH,PURBALINGGA,PURBALINGGA,300,50,50,250,225
JAWA TENGAH,PURBALINGGA,KALIMANAH,350,50,50,250,275
JAWA TENGAH,PURBALINGGA,PADAMARA,300,50,50,250,225
JAWA TENGAH,PURBALINGGA,KUTASARI,300,50,50,250,225
JAWA TENGAH,PURBALINGGA,BOJONGSARI,300,50,50,250,225
JAWA TENGAH,PURBALINGGA,MREBET,300,50,50,250,225
JAWA TENGAH,PURBALINGGA,BOBOTSARI,300,50,50,250,225
JAWA TENGAH,PURBALINGGA,KARANGREJA,300,50,50,250,225
JAWA TENGAH,PURBALINGGA,KARANGJAMBU,300,50,50,250,225
JAWA TENGAH,PURBALINGGA,KARANGANYAR,300,50,50,250,225
JAWA TENGAH,PURBALINGGA,KERTANEGARA,300,50,50,250,225
JAWA TENGAH,PURBALINGGA,KARANGMONCOL,300,50,50,250,225
JAWA TENGAH,PURBALINGGA,REMBANG,350,50,50,250,275
JAWA TENGAH,BANJARNEGARA,SUSUKAN,350,50,50,250,275
JAWA TENGAH,BANJARNEGARA,PURWOREJO KLAMPOK,350,50,50,250,275
JAWA TENGAH,BANJARNEGARA,MANDIRAJA,350,50,50,250,275
JAWA TENGAH,BANJARNEGARA,PURWANEGARA,350,50,50,250,275
JAWA TENGAH,BANJARNEGARA,BAWANG,350,50,50,250,275
JAWA TENGAH,BANJARNEGARA,BANJARNEGARA,350,50,50,250,275
JAWA TENGAH,BANJARNEGARA,PAGEDONGAN,350,50,50,250,275
JAWA TENGAH,BANJARNEGARA,SIGALUH,350,50,50,250,275
JAWA TENGAH,BANJARNEGARA,MADUKARA,350,50,50,250,275
JAWA TENGAH,BANJARNEGARA,BANJARMANGU,350,50,50,250,275
JAWA TENGAH,BANJARNEGARA,WANADADI,350,50,50,250,275
JAWA TENGAH,BANJARNEGARA,RAKIT,350,50,50,250,275
JAWA TENGAH,BANJARNEGARA,PUNGGELAN,350,50,50,250,275
JAWA TENGAH,BANJARNEGARA,KARANGKOBAR,350,50,50,250,275
JAWA TENGAH,BANJARNEGARA,PAGENTAN,300,50,50,250,225
JAWA TENGAH,BANJARNEGARA,PEJAWARAN,250,50,50,250,175
JAWA TENGAH,BANJARNEGARA,BATUR,250,50,50,250,175
JAWA TENGAH,BANJARNEGARA,WANAYASA,300,50,50,250,225
JAWA TENGAH,BANJARNEGARA,KALIBENING,350,50,50,250,275
JAWA TENGAH,BANJARNEGARA,PANDANARUM,300,50,50,250,225
JAWA TENGAH,KEBUMEN,AYAH,300,50,50,250,225
JAWA TENGAH,KEBUMEN,BUAYAN,300,50,50,250,225
JAWA TENGAH,KEBUMEN,PURING,300,50,50,250,225
JAWA TENGAH,KEBUMEN,PETANAHAN,300,50,50,250,225
JAWA TENGAH,KEBUMEN,KLIRONG,300,50,50,250,225
JAWA TENGAH,KEBUMEN,BULUSPESANTREN,300,50,50,250,225
JAWA TENGAH,KEBUMEN,AMBAL,300,50,50,250,225
JAWA TENGAH,KEBUMEN,MIRIT,300,50,50,250,225
JAWA TENGAH,KEBUMEN,BONOROWO,300,50,50,250,225
JAWA TENGAH,KEBUMEN,PREMBUN,300,50,50,250,225
JAWA TENGAH,KEBUMEN,PADURESO,300,50,50,250,225
JAWA TENGAH,KEBUMEN,KUTOWINANGUN,300,50,50,250,225
JAWA TENGAH,KEBUMEN,ALIAN,300,50,50,250,225
JAWA TENGAH,KEBUMEN,PONCOWARNO,300,50,50,250,225
JAWA TENGAH,KEBUMEN,KEBUMEN,300,50,50,250,225
JAWA TENGAH,KEBUMEN,PEJAGOAN,300,50,50,250,225
JAWA TENGAH,KEBUMEN,SRUWENG,300,50,50,250,225
JAWA TENGAH,KEBUMEN,ADIMULYO,300,50,50,250,225
JAWA TENGAH,KEBUMEN,KUWARASAN,300,50,50,250,225
JAWA TENGAH,KEBUMEN,ROWOKELE,300,50,50,250,225
JAWA TENGAH,KEBUMEN,SEMPOR,300,50,50,250,225
JAWA TENGAH,KEBUMEN,GOMBONG,300,50,50,250,225
JAWA TENGAH,KEBUMEN,KARANGANYAR,300,50,50,250,225
JAWA TENGAH,KEBUMEN,KARANGGAYAM,300,50,50,250,225
JAWA TENGAH,KEBUMEN,SADANG,350,50,50,250,275
JAWA TENGAH,KEBUMEN,KARANGSAMBUNG,350,50,50,250,275
JAWA TENGAH,PURWOREJO,GRABAG,350,50,50,250,275
JAWA TENGAH,PURWOREJO,NGOMBOL,350,50,50,250,275
JAWA TENGAH,PURWOREJO,PURWODADI,350,50,50,250,275
JAWA TENGAH,PURWOREJO,BAGELEN,300,50,100,250,225
JAWA TENGAH,PURWOREJO,KALIGESING,300,50,50,250,225
JAWA TENGAH,PURWOREJO,PURWOREJO,300,50,50,250,225
JAWA TENGAH,PURWOREJO,BANYU URIP,300,50,50,250,225
JAWA TENGAH,PURWOREJO,BAYAN,300,50,50,250,225
JAWA TENGAH,PURWOREJO,KUTOARJO,300,50,50,250,225
JAWA TENGAH,PURWOREJO,BUTUH,300,50,50,250,225
JAWA TENGAH,PURWOREJO,PITURUH,300,50,100,250,225
JAWA TENGAH,PURWOREJO,KEMIRI,300,50,50,250,225
JAWA TENGAH,PURWOREJO,BRUNO,300,50,50,250,225
JAWA TENGAH,PURWOREJO,GEBANG,300,50,50,250,225
JAWA TENGAH,PURWOREJO,LOANO,300,50,50,250,225
JAWA TENGAH,PURWOREJO,BENER,300,50,50,250,225
JAWA TENGAH,WONOSOBO,WADASLINTANG,300,50,50,250,225
JAWA TENGAH,WONOSOBO,SAPURAN,300,50,50,250,225
JAWA TENGAH,WONOSOBO,KALIBAWANG,300,50,50,250,225
JAWA TENGAH,WONOSOBO,KALIWIRO,300,50,50,250,225
JAWA TENGAH,WONOSOBO,LEKSONO,300,50,50,250,225
JAWA TENGAH,WONOSOBO,SUKOHARJO,300,50,50,250,225
JAWA TENGAH,WONOSOBO,SELOMERTO,300,50,50,250,225
JAWA TENGAH,WONOSOBO,KALIKAJAR,300,50,50,250,225
JAWA TENGAH,WONOSOBO,KERTEK,300,50,50,250,225
JAWA TENGAH,WONOSOBO,WONOSOBO,300,50,50,250,225
JAWA TENGAH,WONOSOBO,WATUMALANG,300,50,50,250,225
JAWA TENGAH,WONOSOBO,MOJOTENGAH,300,50,50,250,225
JAWA TENGAH,WONOSOBO,GARUNG,300,50,50,250,225
JAWA TENGAH,WONOSOBO,KEJAJAR,300,50,50,250,225
JAWA TENGAH,WONOSOBO,KEPIL,300,50,50,250,225
JAWA TENGAH,MAGELANG,SALAMAN,350,50,50,250,275
JAWA TENGAH,MAGELANG,BOROBUDUR,350,50,50,250,275
JAWA TENGAH,MAGELANG,NGLUWAR,350,50,100,250,275
JAWA TENGAH,MAGELANG,SALAM,350,50,100,250,275
JAWA TENGAH,MAGELANG,SRUMBUNG,350,50,100,250,275
JAWA TENGAH,MAGELANG,DUKUN,350,50,100,250,275
JAWA TENGAH,MAGELANG,MUNTILAN,350,50,100,250,275
JAWA TENGAH,MAGELANG,MUNGKID,350,50,100,250,275
JAWA TENGAH,MAGELANG,SAWANGAN,350,50,100,250,275
JAWA TENGAH,MAGELANG,CANDIMULYO,350,50,100,250,275
JAWA TENGAH,MAGELANG,MERTOYUDAN,350,50,100,250,275
JAWA TENGAH,MAGELANG,TEMPURAN,350,50,50,250,275
JAWA TENGAH,MAGELANG,KAJORAN,350,50,100,250,275
JAWA TENGAH,MAGELANG,KALIANGKRIK,350,50,100,250,275
JAWA TENGAH,MAGELANG,BANDONGAN,350,50,50,250,275
JAWA TENGAH,MAGELANG,WINDUSARI,350,50,50,250,275
JAWA TENGAH,MAGELANG,SECANG,350,50,50,250,275
JAWA TENGAH,MAGELANG,TEGALREJO,350,50,50,250,275
JAWA TENGAH,MAGELANG,PAKIS,250,50,50,250,175
JAWA TENGAH,MAGELANG,GRABAG,250,50,50,250,175
JAWA TENGAH,MAGELANG,NGABLAK,300,50,100,250,225
JAWA TENGAH,BOYOLALI,SELO,300,50,50,250,225
JAWA TENGAH,BOYOLALI,GLADAGSARI,300,50,50,250,225
JAWA TENGAH,BOYOLALI,AMPEL,300,50,50,250,225
JAWA TENGAH,BOYOLALI,CEPOGO,300,50,50,250,225
JAWA TENGAH,BOYOLALI,MUSUK,300,50,50,250,225
JAWA TENGAH,BOYOLALI,TAMANSARI,300,50,50,250,225
JAWA TENGAH,BOYOLALI,BOYOLALI,300,50,50,250,225
JAWA TENGAH,BOYOLALI,MOJOSONGO,350,50,50,250,275
JAWA TENGAH,BOYOLALI,TERAS,350,50,50,250,275
JAWA TENGAH,BOYOLALI,SAWIT,300,50,50,250,225
JAWA TENGAH,BOYOLALI,BANYUDONO,300,50,50,250,225
JAWA TENGAH,BOYOLALI,SAMBI,350,50,50,250,275
JAWA TENGAH,BOYOLALI,NGEMPLAK,300,50,50,250,225
JAWA TENGAH,BOYOLALI,NOGOSARI,350,75,50,300,250
JAWA TENGAH,BOYOLALI,SIMO,300,75,50,300,200
JAWA TENGAH,BOYOLALI,KARANG GEDE,300,50,50,250,225
JAWA TENGAH,BOYOLALI,KLEGO,300,50,50,250,225
JAWA TENGAH,BOYOLALI,ANDONG,300,75,50,300,200
JAWA TENGAH,BOYOLALI,KEMUSU,300,50,50,250,225
JAWA TENGAH,BOYOLALI,WONOSEGORO,300,50,50,250,225
JAWA TENGAH,BOYOLALI,JUWANGI,300,50,50,250,225
JAWA TENGAH,BOYOLALI,WONOSAMODRO,300,50,50,250,225
JAWA TENGAH,KLATEN,PRAMBANAN,350,50,50,250,275
JAWA TENGAH,KLATEN,GANTIWARNO,350,50,50,250,275
JAWA TENGAH,KLATEN,WEDI,350,50,50,250,275
JAWA TENGAH,KLATEN,BAYAT,350,50,50,250,275
JAWA TENGAH,KLATEN,CAWAS,350,50,50,250,275
JAWA TENGAH,KLATEN,TRUCUK,350,50,50,250,275
JAWA TENGAH,KLATEN,KALIKOTES,350,50,50,250,275
JAWA TENGAH,KLATEN,KEBONARUM,350,50,50,250,275
JAWA TENGAH,KLATEN,JOGONALAN,350,50,50,250,275
JAWA TENGAH,KLATEN,MANISRENGGO,350,50,50,250,275
JAWA TENGAH,KLATEN,KARANGNONGKO,350,50,50,250,275
JAWA TENGAH,KLATEN,NGAWEN,350,50,50,250,275
JAWA TENGAH,KLATEN,CEPER,350,50,50,250,275
JAWA TENGAH,KLATEN,PEDAN,350,50,50,250,275
JAWA TENGAH,KLATEN,KARANGDOWO,350,50,50,250,275
JAWA TENGAH,KLATEN,JUWIRING,350,50,50,250,275
JAWA TENGAH,KLATEN,WONOSARI,350,50,50,250,275
JAWA TENGAH,KLATEN,DELANGGU,350,50,50,250,275
JAWA TENGAH,KLATEN,POLANHARJO,350,50,50,250,275
JAWA TENGAH,KLATEN,KARANGANOM,350,50,50,250,275
JAWA TENGAH,KLATEN,TULUNG,350,50,50,250,275
JAWA TENGAH,KLATEN,JATINOM,350,50,100,250,275
JAWA TENGAH,KLATEN,KEMALANG,350,50,50,250,275
JAWA TENGAH,KLATEN,KLATEN SELATAN,350,50,50,250,275
JAWA TENGAH,KLATEN,KLATEN TENGAH,350,50,50,250,275
JAWA TENGAH,KLATEN,KLATEN UTARA,350,50,50,250,275
JAWA TENGAH,SUKOHARJO,WERU,350,50,50,250,275
JAWA TENGAH,SUKOHARJO,BULU,350,50,50,250,275
JAWA TENGAH,SUKOHARJO,TAWANGSARI,350,50,50,250,275
JAWA TENGAH,SUKOHARJO,SUKOHARJO,350,50,100,250,275
JAWA TENGAH,SUKOHARJO,NGUTER,350,50,50,250,275
JAWA TENGAH,SUKOHARJO,BENDOSARI,350,50,100,250,275
JAWA TENGAH,SUKOHARJO,POLOKARTO,350,50,100,250,275
JAWA TENGAH,SUKOHARJO,MOJOLABAN,350,50,100,250,275
JAWA TENGAH,SUKOHARJO,GROGOL,350,50,100,250,275
JAWA TENGAH,SUKOHARJO,BAKI,350,50,50,250,275
JAWA TENGAH,SUKOHARJO,GATAK,350,50,50,250,275
JAWA TENGAH,SUKOHARJO,KARTASURA,350,50,50,250,275
JAWA TENGAH,WONOGIRI,PRACIMANTORO,250,50,50,250,175
JAWA TENGAH,WONOGIRI,PARANGGUPITO,300,50,50,250,225
JAWA TENGAH,WONOGIRI,GIRITONTRO,250,50,50,250,175
JAWA TENGAH,WONOGIRI,GIRIWOYO,300,50,50,250,225
JAWA TENGAH,WONOGIRI,BATUWARNO,300,50,50,250,225
JAWA TENGAH,WONOGIRI,KARANGTENGAH,300,50,50,250,225
JAWA TENGAH,WONOGIRI,TIRTOMOYO,350,50,50,250,275
JAWA TENGAH,WONOGIRI,NGUNTORONADI,300,50,100,250,225
JAWA TENGAH,WONOGIRI,BATURETNO,350,50,50,250,275
JAWA TENGAH,WONOGIRI,EROMOKO,300,50,50,250,225
JAWA TENGAH,WONOGIRI,WURYANTORO,350,50,50,250,275
JAWA TENGAH,WONOGIRI,MANYARAN,300,50,50,250,225
JAWA TENGAH,WONOGIRI,SELOGIRI,350,50,100,250,275
JAWA TENGAH,WONOGIRI,WONOGIRI,300,50,100,250,225
JAWA TENGAH,WONOGIRI,NGADIROJO,300,50,100,250,225
JAWA TENGAH,WONOGIRI,SIDOHARJO,300,50,100,250,225
JAWA TENGAH,WONOGIRI,JATIROTO,300,50,100,250,225
JAWA TENGAH,WONOGIRI,KISMANTORO,300,50,100,250,225
JAWA TENGAH,WONOGIRI,PURWANTORO,300,50,50,250,225
JAWA TENGAH,WONOGIRI,BULUKERTO,300,50,50,250,225
JAWA TENGAH,WONOGIRI,PUHPELEM,300,50,50,250,225
JAWA TENGAH,WONOGIRI,SLOGOHIMO,300,50,50,250,225
JAWA TENGAH,WONOGIRI,JATISRONO,300,50,50,250,225
JAWA TENGAH,WONOGIRI,JATIPURNO,350,50,50,250,275
JAWA TENGAH,WONOGIRI,GIRIMARTO,350,50,50,250,275
JAWA TENGAH,KARANGANYAR,JATIPURO,350,50,50,250,275
JAWA TENGAH,KARANGANYAR,JATIYOSO,350,50,50,250,275
JAWA TENGAH,KARANGANYAR,JUMAPOLO,350,75,100,300,250
JAWA TENGAH,KARANGANYAR,JUMANTONO,350,75,100,300,250
JAWA TENGAH,KARANGANYAR,MATESIH,350,50,50,250,275
JAWA TENGAH,KARANGANYAR,TAWANGMANGU,350,50,50,250,275
JAWA TENGAH,KARANGANYAR,NGARGOYOSO,350,50,50,250,275
JAWA TENGAH,KARANGANYAR,KARANGPANDAN,350,50,50,250,275
JAWA TENGAH,KARANGANYAR,KARANGANYAR,350,75,100,300,250
JAWA TENGAH,KARANGANYAR,TASIKMADU,350,50,100,250,275
JAWA TENGAH,KARANGANYAR,JATEN,350,50,100,250,275
JAWA TENGAH,KARANGANYAR,COLOMADU,350,50,50,250,275
JAWA TENGAH,KARANGANYAR,GONDANGREJO,350,50,50,250,275
JAWA TENGAH,KARANGANYAR,KEBAKKRAMAT,350,50,50,250,275
JAWA TENGAH,KARANGANYAR,MOJOGEDANG,350,50,50,250,275
JAWA TENGAH,KARANGANYAR,KERJO,350,50,50,250,275
JAWA TENGAH,KARANGANYAR,JENAWI,350,50,50,250,275
JAWA TENGAH,SRAGEN,KALIJAMBE,350,50,50,250,275
JAWA TENGAH,SRAGEN,PLUPUH,350,50,50,250,275
JAWA TENGAH,SRAGEN,MASARAN,350,50,50,250,275
JAWA TENGAH,SRAGEN,KEDAWUNG,350,50,50,250,275
JAWA TENGAH,SRAGEN,SAMBIREJO,350,50,50,250,275
JAWA TENGAH,SRAGEN,GONDANG,350,50,50,250,275
JAWA TENGAH,SRAGEN,SAMBUNG MACAN,350,50,50,250,275
JAWA TENGAH,SRAGEN,NGRAMPAL,350,50,50,250,275
JAWA TENGAH,SRAGEN,KARANGMALANG,350,50,50,250,275
JAWA TENGAH,SRAGEN,SRAGEN,350,50,50,250,275
JAWA TENGAH,SRAGEN,SIDOHARJO,350,50,50,250,275
JAWA TENGAH,SRAGEN,TANON,350,50,50,250,275
JAWA TENGAH,SRAGEN,GEMOLONG,350,50,50,250,275
JAWA TENGAH,SRAGEN,MIRI,350,50,50,250,275
JAWA TENGAH,SRAGEN,SUMBERLAWANG,350,50,50,250,275
JAWA TENGAH,SRAGEN,MONDOKAN,350,50,50,250,275
JAWA TENGAH,SRAGEN,SUKODONO,350,50,50,250,275
JAWA TENGAH,SRAGEN,GESI,350,50,50,250,275
JAWA TENGAH,SRAGEN,TANGEN,350,50,50,250,275
JAWA TENGAH,SRAGEN,JENAR,350,50,50,250,275
JAWA TENGAH,GROBOGAN,KEDUNGJATI,350,50,50,250,275
JAWA TENGAH,GROBOGAN,KARANGRAYUNG,350,50,50,250,275
JAWA TENGAH,GROBOGAN,PENAWANGAN,350,50,50,250,275
JAWA TENGAH,GROBOGAN,TOROH,350,50,50,250,275
JAWA TENGAH,GROBOGAN,GEYER,350,50,50,250,275
JAWA TENGAH,GROBOGAN,PULOKULON,350,50,50,250,275
JAWA TENGAH,GROBOGAN,KRADENAN,350,50,50,250,275
JAWA TENGAH,GROBOGAN,GABUS,350,50,50,250,275
JAWA TENGAH,GROBOGAN,NGARINGAN,350,50,50,250,275
JAWA TENGAH,GROBOGAN,WIROSARI,350,50,50,250,275
JAWA TENGAH,GROBOGAN,TAWANGHARJO,350,50,50,250,275
JAWA TENGAH,GROBOGAN,GROBOGAN,350,50,50,250,275
JAWA TENGAH,GROBOGAN,PURWODADI,350,50,50,250,275
JAWA TENGAH,GROBOGAN,BRATI,350,50,50,250,275
JAWA TENGAH,GROBOGAN,KLAMBU,350,50,50,250,275
JAWA TENGAH,GROBOGAN,GODONG,350,50,50,250,275
JAWA TENGAH,GROBOGAN,GUBUG,350,50,50,250,275
JAWA TENGAH,GROBOGAN,TEGOWANU,350,50,50,250,275
JAWA TENGAH,GROBOGAN,TANGGUNGHARJO,350,50,50,250,275
JAWA TENGAH,BLORA,JATI,300,50,50,250,225
JAWA TENGAH,BLORA,RANDUBLATUNG,350,50,50,250,275
JAWA TENGAH,BLORA,KRADENAN,350,50,50,250,275
JAWA TENGAH,BLORA,KEDUNGTUBAN,350,50,50,250,275
JAWA TENGAH,BLORA,CEPU,350,50,50,250,275
JAWA TENGAH,BLORA,SAMBONG,300,50,50,250,225
JAWA TENGAH,BLORA,JIKEN,300,50,50,250,225
JAWA TENGAH,BLORA,BOGOREJO,300,50,50,250,225
JAWA TENGAH,BLORA,JEPON,350,50,50,250,275
JAWA TENGAH,BLORA,BLORA,350,50,50,250,275
JAWA TENGAH,BLORA,BANJAREJO,350,50,50,250,275
JAWA TENGAH,BLORA,TUNJUNGAN,300,50,50,250,225
JAWA TENGAH,BLORA,JAPAH,300,50,50,250,225
JAWA TENGAH,BLORA,NGAWEN,350,50,50,250,275
JAWA TENGAH,BLORA,KUNDURAN,350,50,50,250,275
JAWA TENGAH,BLORA,TODANAN,350,50,50,250,275
JAWA TENGAH,REMBANG,SUMBER,250,50,50,250,175
JAWA TENGAH,REMBANG,BULU,300,50,50,250,225
JAWA TENGAH,REMBANG,GUNEM,250,50,50,250,175
JAWA TENGAH,REMBANG,SALE,250,50,50,250,175
JAWA TENGAH,REMBANG,SARANG,250,50,50,250,175
JAWA TENGAH,REMBANG,SEDAN,250,50,50,250,175
JAWA TENGAH,REMBANG,PAMOTAN,250,50,50,250,175
JAWA TENGAH,REMBANG,SULANG,250,50,50,250,175
JAWA TENGAH,REMBANG,KALIORI,250,75,100,300,150
JAWA TENGAH,REMBANG,REMBANG,250,50,100,250,175
JAWA TENGAH,REMBANG,PANCUR,250,50,50,250,175
JAWA TENGAH,REMBANG,KRAGAN,250,50,50,250,175
JAWA TENGAH,REMBANG,SLUKE,300,50,50,250,225
JAWA TENGAH,REMBANG,LASEM,300,50,50,250,225
JAWA TENGAH,PATI,SUKOLILO,350,50,50,250,275
JAWA TENGAH,PATI,KAYEN,350,50,50,250,275
JAWA TENGAH,PATI,TAMBAKROMO,350,50,50,250,275
JAWA TENGAH,PATI,WINONG,350,50,50,250,275
JAWA TENGAH,PATI,PUCAKWANGI,350,75,100,300,250
JAWA TENGAH,PATI,JAKEN,350,50,50,250,275
JAWA TENGAH,PATI,BATANGAN,350,50,50,250,275
JAWA TENGAH,PATI,JUWANA,350,50,50,250,275
JAWA TENGAH,PATI,JAKENAN,350,50,50,250,275
JAWA TENGAH,PATI,PATI,350,50,50,250,275
JAWA TENGAH,PATI,GABUS,350,50,50,250,275
JAWA TENGAH,PATI,MARGOREJO,350,50,50,250,275
JAWA TENGAH,PATI,GEMBONG,350,50,50,250,275
JAWA TENGAH,PATI,TLOGOWUNGU,350,50,50,250,275
JAWA TENGAH,PATI,WEDARIJAKSA,350,50,50,250,275
JAWA TENGAH,PATI,TRANGKIL,350,50,50,250,275
JAWA TENGAH,PATI,MARGOYOSO,350,50,50,250,275
JAWA TENGAH,PATI,GUNUNG WUNGKAL,350,50,50,250,275
JAWA TENGAH,PATI,CLUWAK,350,50,50,250,275
JAWA TENGAH,PATI,TAYU,350,50,50,250,275
JAWA TENGAH,PATI,DUKUHSETI,350,50,50,250,275
JAWA TENGAH,KUDUS,KALIWUNGU,350,50,50,250,275
JAWA TENGAH,KUDUS,KOTA KUDUS,350,50,50,250,275
JAWA TENGAH,KUDUS,JATI,350,50,50,250,275
JAWA TENGAH,KUDUS,UNDAAN,350,50,50,250,275
JAWA TENGAH,KUDUS,MEJOBO,350,50,50,250,275
JAWA TENGAH,KUDUS,JEKULO,350,50,50,250,275
JAWA TENGAH,KUDUS,BAE,350,50,50,250,275
JAWA TENGAH,KUDUS,GEBOG,350,50,50,250,275
JAWA TENGAH,KUDUS,DAWE,350,50,50,250,275
JAWA TENGAH,JEPARA,BANGSRI,300,50,50,250,225
JAWA TENGAH,JEPARA,BATEALIT,300,50,50,250,225
JAWA TENGAH,JEPARA,DONOROJO,350,50,50,250,275
JAWA TENGAH,JEPARA,JEPARA,300,50,50,250,225
JAWA TENGAH,JEPARA,KALINYAMATAN,300,50,50,250,225
JAWA TENGAH,JEPARA,KARIMUNJAWA,300,50,50,250,225
JAWA TENGAH,JEPARA,KEDUNG,300,50,50,250,225
JAWA TENGAH,JEPARA,KELING,300,50,50,250,225
JAWA TENGAH,JEPARA,KEMBANG,300,50,50,250,225
JAWA TENGAH,JEPARA,MAYONG,300,50,50,250,225
JAWA TENGAH,JEPARA,MLONGGO,300,50,50,250,225
JAWA TENGAH,JEPARA,NALUMSARI,300,50,50,250,225
JAWA TENGAH,JEPARA,PAKIS AJI,300,50,50,250,225
JAWA TENGAH,JEPARA,PECANGAAN,300,50,50,250,225
JAWA TENGAH,JEPARA,TAHUNAN,300,50,50,250,225
JAWA TENGAH,JEPARA,WELAHAN,300,50,50,250,225
JAWA TENGAH,DEMAK,MRANGGEN,350,50,50,250,275
JAWA TENGAH,DEMAK,KARANGAWEN,350,50,50,250,275
JAWA TENGAH,DEMAK,GUNTUR,350,50,50,250,275
JAWA TENGAH,DEMAK,SAYUNG,350,50,50,250,275
JAWA TENGAH,DEMAK,KARANG TENGAH,350,50,50,250,275
JAWA TENGAH,DEMAK,BONANG,350,50,50,250,275
JAWA TENGAH,DEMAK,DEMAK,350,50,50,250,275
JAWA TENGAH,DEMAK,WONOSALAM,350,50,50,250,275
JAWA TENGAH,DEMAK,DEMPET,350,50,50,250,275
JAWA TENGAH,DEMAK,KEBONAGUNG,350,50,50,250,275
JAWA TENGAH,DEMAK,GAJAH,350,50,50,250,275
JAWA TENGAH,DEMAK,KARANGANYAR,350,50,50,250,275
JAWA TENGAH,DEMAK,MIJEN,350,50,50,250,275
JAWA TENGAH,DEMAK,WEDUNG,350,50,50,250,275
JAWA TENGAH,SEMARANG,GETASAN,350,50,50,250,275
JAWA TENGAH,SEMARANG,TENGARAN,350,50,100,250,275
JAWA TENGAH,SEMARANG,SUSUKAN,350,50,50,250,275
JAWA TENGAH,SEMARANG,KALIWUNGU,350,50,100,250,275
JAWA TENGAH,SEMARANG,SURUH,350,50,50,250,275
JAWA TENGAH,SEMARANG,PABELAN,300,50,100,250,225
JAWA TENGAH,SEMARANG,TUNTANG,300,50,50,250,225
JAWA TENGAH,SEMARANG,BANYUBIRU,300,50,50,250,225
JAWA TENGAH,SEMARANG,JAMBU,350,50,50,250,275
JAWA TENGAH,SEMARANG,SUMOWONO,300,50,50,250,225
JAWA TENGAH,SEMARANG,AMBARAWA,350,50,50,250,275
JAWA TENGAH,SEMARANG,BANDUNGAN,350,50,50,250,275
JAWA TENGAH,SEMARANG,BAWEN,350,50,50,250,275
JAWA TENGAH,SEMARANG,BRINGIN,350,50,50,250,275
JAWA TENGAH,SEMARANG,BANCAK,300,50,50,250,225
JAWA TENGAH,SEMARANG,PRINGAPUS,300,50,50,250,225
JAWA TENGAH,SEMARANG,BERGAS,300,50,50,250,225
JAWA TENGAH,SEMARANG,UNGARAN BARAT,350,50,50,250,275
JAWA TENGAH,SEMARANG,UNGARAN TIMUR,350,50,50,250,275
JAWA TENGAH,TEMANGGUNG,PARAKAN,350,50,100,250,275
JAWA TENGAH,TEMANGGUNG,KLEDUNG,350,50,100,250,275
JAWA TENGAH,TEMANGGUNG,BANSARI,350,50,100,250,275
JAWA TENGAH,TEMANGGUNG,BULU,350,50,100,250,275
JAWA TENGAH,TEMANGGUNG,TEMANGGUNG,350,50,100,250,275
JAWA TENGAH,TEMANGGUNG,TLOGOMULYO,350,50,100,250,275
JAWA TENGAH,TEMANGGUNG,TEMBARAK,350,50,100,250,275
JAWA TENGAH,TEMANGGUNG,SELOPAMPANG,350,50,100,250,275
JAWA TENGAH,TEMANGGUNG,KRANGGAN,350,50,50,250,275
JAWA TENGAH,TEMANGGUNG,PRINGSURAT,350,50,50,250,275
JAWA TENGAH,TEMANGGUNG,KALORAN,350,50,50,250,275
JAWA TENGAH,TEMANGGUNG,KANDANGAN,350,50,100,250,275
JAWA TENGAH,TEMANGGUNG,KEDU,350,50,100,250,275
JAWA TENGAH,TEMANGGUNG,NGADIREJO,350,50,100,250,275
JAWA TENGAH,TEMANGGUNG,JUMO,350,50,100,250,275
JAWA TENGAH,TEMANGGUNG,GEMAWANG,350,50,50,250,275
JAWA TENGAH,TEMANGGUNG,CANDIROTO,350,50,50,250,275
JAWA TENGAH,TEMANGGUNG,BEJEN,350,50,50,250,275
JAWA TENGAH,TEMANGGUNG,TRETEP,300,50,50,250,225
JAWA TENGAH,TEMANGGUNG,WONOBOYO,350,50,100,250,275
JAWA TENGAH,KENDAL,PLANTUNGAN,300,50,50,250,225
JAWA TENGAH,KENDAL,SUKOREJO,300,50,50,250,225
JAWA TENGAH,KENDAL,PAGERRUYUNG,300,50,50,250,225
JAWA TENGAH,KENDAL,PATEAN,300,50,50,250,225
JAWA TENGAH,KENDAL,SINGOROJO,300,50,50,250,225
JAWA TENGAH,KENDAL,LIMBANGAN,300,50,50,250,225
JAWA TENGAH,KENDAL,BOJA,300,50,50,250,225
JAWA TENGAH,KENDAL,KALIWUNGU,300,50,50,250,225
JAWA TENGAH,KENDAL,KALIWUNGU SELATAN,300,50,50,250,225
JAWA TENGAH,KENDAL,BRANGSONG,300,50,50,250,225
JAWA TENGAH,KENDAL,PEGANDON,300,50,50,250,225
JAWA TENGAH,KENDAL,NGAMPEL,300,50,50,250,225
JAWA TENGAH,KENDAL,GEMUH,300,50,50,250,225
JAWA TENGAH,KENDAL,RINGINARUM,300,50,50,250,225
JAWA TENGAH,KENDAL,WELERI,300,50,50,250,225
JAWA TENGAH,KENDAL,ROWOSARI,350,50,50,250,275
JAWA TENGAH,KENDAL,KANGKUNG,300,50,50,250,225
JAWA TENGAH,KENDAL,CEPIRING,300,50,50,250,225
JAWA TENGAH,KENDAL,PATEBON,300,50,50,250,225
JAWA TENGAH,KENDAL,KENDAL,300,50,50,250,225
JAWA TENGAH,BATANG,WONOTUNGGAL,250,50,50,250,175
JAWA TENGAH,BATANG,BANDAR,250,50,50,250,175
JAWA TENGAH,BATANG,BLADO,250,50,50,250,175
JAWA TENGAH,BATANG,REBAN,300,50,50,250,225
JAWA TENGAH,BATANG,BAWANG,300,50,50,250,225
JAWA TENGAH,BATANG,TERSONO,300,50,50,250,225
JAWA TENGAH,BATANG,GRINGSING,300,50,50,250,225
JAWA TENGAH,BATANG,LIMPUNG,300,50,50,250,225
JAWA TENGAH,BATANG,BANYUPUTIH,250,50,50,250,175
JAWA TENGAH,BATANG,SUBAH,300,50,50,250,225
JAWA TENGAH,BATANG,PECALUNGAN,300,50,50,250,225
JAWA TENGAH,BATANG,TULIS,300,50,50,250,225
JAWA TENGAH,BATANG,KANDEMAN,300,50,50,250,225
JAWA TENGAH,BATANG,BATANG,300,50,50,250,225
JAWA TENGAH,BATANG,WARUNG ASEM,300,50,100,250,225
JAWA TENGAH,PEKALONGAN,KANDANGSERANG,300,50,50,250,225
JAWA TENGAH,PEKALONGAN,PANINGGARAN,250,50,100,250,175
JAWA TENGAH,PEKALONGAN,LEBAKBARANG,300,50,100,250,225
JAWA TENGAH,PEKALONGAN,PETUNGKRIYONO,300,50,100,250,225
JAWA TENGAH,PEKALONGAN,TALUN,300,50,100,250,225
JAWA TENGAH,PEKALONGAN,DORO,300,50,100,250,225
JAWA TENGAH,PEKALONGAN,KARANGANYAR,300,50,100,250,225
JAWA TENGAH,PEKALONGAN,KAJEN,300,50,100,250,225
JAWA TENGAH,PEKALONGAN,KESESI,300,50,100,250,225
JAWA TENGAH,PEKALONGAN,SRAGI,300,50,100,250,225
JAWA TENGAH,PEKALONGAN,SIWALAN,300,50,100,250,225
JAWA TENGAH,PEKALONGAN,BOJONG,300,50,50,250,225
JAWA TENGAH,PEKALONGAN,WONOPRINGGO,300,50,100,250,225
JAWA TENGAH,PEKALONGAN,KEDUNGWUNI,300,50,100,250,225
JAWA TENGAH,PEKALONGAN,KARANGDADAP,300,50,100,250,225
JAWA TENGAH,PEKALONGAN,BUARAN,300,50,100,250,225
JAWA TENGAH,PEKALONGAN,TIRTO,300,50,50,250,225
JAWA TENGAH,PEKALONGAN,WIRADESA,300,50,100,250,225
JAWA TENGAH,PEKALONGAN,WONOKERTO,300,50,100,250,225
JAWA TENGAH,PEMALANG,MOGA,300,50,50,250,225
JAWA TENGAH,PEMALANG,WARUNGPRING,350,50,100,250,275
JAWA TENGAH,PEMALANG,PULOSARI,300,50,50,250,225
JAWA TENGAH,PEMALANG,BELIK,300,50,50,250,225
JAWA TENGAH,PEMALANG,WATUKUMPUL,300,50,50,250,225
JAWA TENGAH,PEMALANG,BODEH,350,50,50,250,275
JAWA TENGAH,PEMALANG,BANTARBOLANG,350,50,50,250,275
JAWA TENGAH,PEMALANG,RANDUDONGKAL,350,50,100,250,275
JAWA TENGAH,PEMALANG,PEMALANG,350,50,50,250,275
JAWA TENGAH,PEMALANG,TAMAN,350,50,50,250,275
JAWA TENGAH,PEMALANG,PETARUKAN,350,50,50,250,275
JAWA TENGAH,PEMALANG,AMPELGADING,350,50,50,250,275
JAWA TENGAH,PEMALANG,COMAL,350,50,50,250,275
JAWA TENGAH,PEMALANG,ULUJAMI,350,50,50,250,275
JAWA TENGAH,TEGAL,MARGASARI,350,50,50,250,275
JAWA TENGAH,TEGAL,BUMIJAWA,300,50,100,250,225
JAWA TENGAH,TEGAL,BOJONG,350,50,100,250,275
JAWA TENGAH,TEGAL,BALAPULANG,350,50,50,250,275
JAWA TENGAH,TEGAL,PAGERBARANG,350,50,50,250,275
JAWA TENGAH,TEGAL,LEBAKSIU,350,50,50,250,275
JAWA TENGAH,TEGAL,JATINEGARA,300,50,100,250,225
JAWA TENGAH,TEGAL,KEDUNG BANTENG,350,50,50,250,275
JAWA TENGAH,TEGAL,PANGKAH,350,50,50,250,275
JAWA TENGAH,TEGAL,SLAWI,350,50,50,250,275
JAWA TENGAH,TEGAL,DUKUHWARU,350,50,50,250,275
JAWA TENGAH,TEGAL,ADIWERNA,350,50,50,250,275
JAWA TENGAH,TEGAL,DUKUHTURI,300,50,50,250,225
JAWA TENGAH,TEGAL,TALANG,350,50,50,250,275
JAWA TENGAH,TEGAL,TARUB,350,50,50,250,275
JAWA TENGAH,TEGAL,KRAMAT,300,50,50,250,225
JAWA TENGAH,TEGAL,SURADADI,350,50,50,250,275
JAWA TENGAH,TEGAL,WARUREJA,350,50,50,250,275
JAWA TENGAH,BREBES,SALEM,350,50,50,250,275
JAWA TENGAH,BREBES,BANTARKAWUNG,350,50,50,250,275
JAWA TENGAH,BREBES,BUMIAYU,350,50,50,250,275
JAWA TENGAH,BREBES,PAGUYANGAN,350,50,50,250,275
JAWA TENGAH,BREBES,SIRAMPOG,350,50,50,250,275
JAWA TENGAH,BREBES,TONJONG,350,50,50,250,275
JAWA TENGAH,BREBES,LARANGAN,350,50,50,250,275
JAWA TENGAH,BREBES,KETANGGUNGAN,350,50,50,250,275
JAWA TENGAH,BREBES,BANJARHARJO,350,50,50,250,275
JAWA TENGAH,BREBES,LOSARI,350,50,50,250,275
JAWA TENGAH,BREBES,TANJUNG,350,50,50,250,275
JAWA TENGAH,BREBES,KERSANA,350,50,50,250,275
JAWA TENGAH,BREBES,BULAKAMBA,350,50,50,250,275
JAWA TENGAH,BREBES,WANASARI,350,50,50,250,275
JAWA TENGAH,BREBES,SONGGOM,350,50,50,250,275
JAWA TENGAH,BREBES,JATIBARANG,350,50,50,250,275
JAWA TENGAH,BREBES,BREBES,350,50,50,250,275
JAWA TENGAH,KOTA MAGELANG,MAGELANG SELATAN,350,50,50,250,275
JAWA TENGAH,KOTA MAGELANG,MAGELANG TENGAH,350,50,50,250,275
JAWA TENGAH,KOTA MAGELANG,MAGELANG UTARA,350,50,50,250,275
JAWA TENGAH,KOTA SURAKARTA,LAWEYAN,350,50,50,250,275
JAWA TENGAH,KOTA SURAKARTA,SERENGAN,350,50,50,250,275
JAWA TENGAH,KOTA SURAKARTA,PASAR KLIWON,350,50,50,250,275
JAWA TENGAH,KOTA SURAKARTA,JEBRES,350,50,50,250,275
JAWA TENGAH,KOTA SURAKARTA,BANJARSARI,350,50,50,250,275
JAWA TENGAH,KOTA SALATIGA,ARGOMULYO,350,50,50,250,275
JAWA TENGAH,KOTA SALATIGA,TINGKIR,350,50,50,250,275
JAWA TENGAH,KOTA SALATIGA,SIDOMUKTI,350,50,50,250,275
JAWA TENGAH,KOTA SALATIGA,SIDOREJO,300,50,50,250,225
JAWA TENGAH,KOTA SEMARANG,MIJEN,300,50,50,250,225
JAWA TENGAH,KOTA SEMARANG,GUNUNG PATI,300,50,50,250,225
JAWA TENGAH,KOTA SEMARANG,BANYUMANIK,300,50,50,250,225
JAWA TENGAH,KOTA SEMARANG,GAJAH MUNGKUR,300,50,50,250,225
JAWA TENGAH,KOTA SEMARANG,SEMARANG SELATAN,300,50,50,250,225
JAWA TENGAH,KOTA SEMARANG,CANDISARI,300,50,50,250,225
JAWA TENGAH,KOTA SEMARANG,TEMBALANG,300,50,50,250,225
JAWA TENGAH,KOTA SEMARANG,PEDURUNGAN,300,50,50,250,225
JAWA TENGAH,KOTA SEMARANG,GENUK,300,50,50,250,225
JAWA TENGAH,KOTA SEMARANG,GAYAMSARI,300,50,50,250,225
JAWA TENGAH,KOTA SEMARANG,SEMARANG TIMUR,300,50,50,250,225
JAWA TENGAH,KOTA SEMARANG,SEMARANG UTARA,300,50,50,250,225
JAWA TENGAH,KOTA SEMARANG,SEMARANG TENGAH,300,50,50,250,225
JAWA TENGAH,KOTA SEMARANG,SEMARANG BARAT,250,50,50,250,175
JAWA TENGAH,KOTA SEMARANG,TUGU,300,50,50,250,225
JAWA TENGAH,KOTA SEMARANG,NGALIYAN,300,50,50,250,225
JAWA TENGAH,KOTA PEKALONGAN,PEKALONGAN BARAT,300,50,100,250,225
JAWA TENGAH,KOTA PEKALONGAN,PEKALONGAN TIMUR,300,50,50,250,225
JAWA TENGAH,KOTA PEKALONGAN,PEKALONGAN SELATAN,300,50,50,250,225
JAWA TENGAH,KOTA PEKALONGAN,PEKALONGAN UTARA,300,50,50,250,225
JAWA TENGAH,KOTA TEGAL,TEGAL SELATAN,350,50,50,250,275
JAWA TENGAH,KOTA TEGAL,TEGAL TIMUR,350,50,50,250,275
JAWA TENGAH,KOTA TEGAL,TEGAL BARAT,350,50,50,250,275
JAWA TENGAH,KOTA TEGAL,MARGADANA,350,50,50,250,275
DI YOGYAKARTA,KULON PROGO,TEMON,350,75,50,300,250
DI YOGYAKARTA,KULON PROGO,WATES,350,75,50,300,250
DI YOGYAKARTA,KULON PROGO,PANJATAN,350,75,50,300,250
DI YOGYAKARTA,KULON PROGO,GALUR,350,75,50,300,250
DI YOGYAKARTA,KULON PROGO,LENDAH,350,50,50,250,275
DI YOGYAKARTA,KULON PROGO,SENTOLO,350,50,50,250,275
DI YOGYAKARTA,KULON PROGO,PENGASIH,350,75,50,300,250
DI YOGYAKARTA,KULON PROGO,KOKAP,350,75,50,300,250
DI YOGYAKARTA,KULON PROGO,GIRIMULYO,350,75,50,300,250
DI YOGYAKARTA,KULON PROGO,NANGGULAN,350,50,50,250,275
DI YOGYAKARTA,KULON PROGO,KALIBAWANG,350,50,50,250,275
DI YOGYAKARTA,KULON PROGO,SAMIGALUH,350,75,50,300,250
DI YOGYAKARTA,BANTUL,SRANDAKAN,350,75,50,300,250
DI YOGYAKARTA,BANTUL,SANDEN,300,50,50,250,225
DI YOGYAKARTA,BANTUL,KRETEK,350,75,50,300,250
DI YOGYAKARTA,BANTUL,PUNDONG,350,75,50,300,250
DI YOGYAKARTA,BANTUL,BAMBANG LIPURO,300,50,50,250,225
DI YOGYAKARTA,BANTUL,PANDAK,350,50,50,250,275
DI YOGYAKARTA,BANTUL,BANTUL,350,50,50,250,275
DI YOGYAKARTA,BANTUL,JETIS,350,50,50,250,275
DI YOGYAKARTA,BANTUL,IMOGIRI,350,50,50,250,275
DI YOGYAKARTA,BANTUL,DLINGO,350,100,50,375,225
DI YOGYAKARTA,BANTUL,PLERET,350,50,50,250,275
DI YOGYAKARTA,BANTUL,PIYUNGAN,350,50,50,250,275
DI YOGYAKARTA,BANTUL,BANGUNTAPAN,300,50,50,250,225
DI YOGYAKARTA,BANTUL,SEWON,350,50,50,250,275
DI YOGYAKARTA,BANTUL,KASIHAN,350,50,50,250,275
DI YOGYAKARTA,BANTUL,PAJANGAN,300,50,50,250,225
DI YOGYAKARTA,BANTUL,SEDAYU,300,50,50,250,225
DI YOGYAKARTA,GUNUNG KIDUL,PANGGANG,300,100,100,375,175
DI YOGYAKARTA,GUNUNG KIDUL,PURWOSARI,300,100,100,375,175
DI YOGYAKARTA,GUNUNG KIDUL,PALIYAN,300,50,100,250,225
DI YOGYAKARTA,GUNUNG KIDUL,SAPTOSARI,300,100,100,375,175
DI YOGYAKARTA,GUNUNG KIDUL,TEPUS,300,100,100,375,175
DI YOGYAKARTA,GUNUNG KIDUL,TANJUNGSARI,300,100,100,375,175
DI YOGYAKARTA,GUNUNG KIDUL,RONGKOP,350,50,100,250,275
DI YOGYAKARTA,GUNUNG KIDUL,GIRISUBO,350,100,100,375,225
DI YOGYAKARTA,GUNUNG KIDUL,SEMANU,350,50,100,250,275
DI YOGYAKARTA,GUNUNG KIDUL,PONJONG,350,75,100,300,250
DI YOGYAKARTA,GUNUNG KIDUL,KARANGMOJO,300,50,100,250,225
DI YOGYAKARTA,GUNUNG KIDUL,WONOSARI,350,50,100,250,275
DI YOGYAKARTA,GUNUNG KIDUL,PLAYEN,350,50,100,250,275
DI YOGYAKARTA,GUNUNG KIDUL,PATUK,350,50,100,250,275
DI YOGYAKARTA,GUNUNG KIDUL,GEDANG SARI,350,50,100,250,275
DI YOGYAKARTA,GUNUNG KIDUL,NGLIPAR,350,50,100,250,275
DI YOGYAKARTA,GUNUNG KIDUL,NGAWEN,300,50,100,250,225
DI YOGYAKARTA,GUNUNG KIDUL,SEMIN,300,50,100,250,225
DI YOGYAKARTA,SLEMAN,MOYUDAN,300,50,50,250,225
DI YOGYAKARTA,SLEMAN,MINGGIR,300,50,50,250,225
DI YOGYAKARTA,SLEMAN,SEYEGAN,300,50,50,250,225
DI YOGYAKARTA,SLEMAN,GODEAN,300,50,50,250,225
DI YOGYAKARTA,SLEMAN,GAMPING,300,50,50,250,225
DI YOGYAKARTA,SLEMAN,MLATI,300,50,50,250,225
DI YOGYAKARTA,SLEMAN,DEPOK,300,50,50,250,225
DI YOGYAKARTA,SLEMAN,BERBAH,300,50,50,250,225
DI YOGYAKARTA,SLEMAN,PRAMBANAN,300,50,50,250,225
DI YOGYAKARTA,SLEMAN,KALASAN,300,50,50,250,225
DI YOGYAKARTA,SLEMAN,NGEMPLAK,300,50,50,250,225
DI YOGYAKARTA,SLEMAN,NGAGLIK,300,50,50,250,225
DI YOGYAKARTA,SLEMAN,SLEMAN,300,50,50,250,225
DI YOGYAKARTA,SLEMAN,TEMPEL,300,50,50,250,225
DI YOGYAKARTA,SLEMAN,TURI,300,50,50,250,225
DI YOGYAKARTA,SLEMAN,PAKEM,350,50,50,250,275
DI YOGYAKARTA,SLEMAN,CANGKRINGAN,300,50,50,250,225
DI YOGYAKARTA,KOTA YOGYAKARTA,MANTRIJERON,350,50,50,250,275
DI YOGYAKARTA,KOTA YOGYAKARTA,KRATON,350,50,50,250,275
DI YOGYAKARTA,KOTA YOGYAKARTA,MERGANGSAN,350,50,50,250,275
DI YOGYAKARTA,KOTA YOGYAKARTA,UMBULHARJO,350,50,50,250,275
DI YOGYAKARTA,KOTA YOGYAKARTA,KOTAGEDE,350,50,50,250,275
DI YOGYAKARTA,KOTA YOGYAKARTA,GONDOKUSUMAN,350,50,50,250,275
DI YOGYAKARTA,KOTA YOGYAKARTA,DANUREJAN,350,50,50,250,275
DI YOGYAKARTA,KOTA YOGYAKARTA,PAKUALAMAN,350,50,50,250,275
DI YOGYAKARTA,KOTA YOGYAKARTA,GONDOMANAN,350,50,50,250,275
DI YOGYAKARTA,KOTA YOGYAKARTA,NGAMPILAN,350,50,50,250,275
DI YOGYAKARTA,KOTA YOGYAKARTA,WIROBRAJAN,350,50,50,250,275
DI YOGYAKARTA,KOTA YOGYAKARTA,GEDONG TENGEN,350,50,50,250,275
DI YOGYAKARTA,KOTA YOGYAKARTA,JETIS,350,50,50,250,275
DI YOGYAKARTA,KOTA YOGYAKARTA,TEGALREJO,350,50,50,250,275
JAWA TIMUR,PACITAN,DONOROJO,250,75,50,300,150
JAWA TIMUR,PACITAN,PUNUNG,350,75,50,300,250
JAWA TIMUR,PACITAN,PRINGKUKU,350,75,50,300,250
JAWA TIMUR,PACITAN,PACITAN,350,50,50,250,275
JAWA TIMUR,PACITAN,KEBONAGUNG,350,50,50,250,275
JAWA TIMUR,PACITAN,ARJOSARI,350,50,50,250,275
JAWA TIMUR,PACITAN,NAWANGAN,350,50,50,250,275
JAWA TIMUR,PACITAN,BANDAR,350,50,50,250,275
JAWA TIMUR,PACITAN,TEGALOMBO,350,50,50,250,275
JAWA TIMUR,PACITAN,TULAKAN,350,50,50,250,275
JAWA TIMUR,PACITAN,NGADIROJO,350,50,50,250,275
JAWA TIMUR,PACITAN,SUDIMORO,300,75,50,300,200
JAWA TIMUR,PONOROGO,NGRAYUN,300,50,100,250,225
JAWA TIMUR,PONOROGO,SLAHUNG,350,50,100,250,275
JAWA TIMUR,PONOROGO,BUNGKAL,300,50,100,250,225
JAWA TIMUR,PONOROGO,SAMBIT,300,50,50,250,225
JAWA TIMUR,PONOROGO,SAWOO,350,50,100,250,275
JAWA TIMUR,PONOROGO,SOOKO,300,50,100,250,225
JAWA TIMUR,PONOROGO,PUDAK,300,75,50,300,200
JAWA TIMUR,PONOROGO,PULUNG,350,50,100,250,275
JAWA TIMUR,PONOROGO,MLARAK,300,50,50,250,225
JAWA TIMUR,PONOROGO,SIMAN,300,50,50,250,225
JAWA TIMUR,PONOROGO,JETIS,300,50,100,250,225
JAWA TIMUR,PONOROGO,BALONG,300,50,50,250,225
JAWA TIMUR,PONOROGO,KAUMAN,350,50,50,250,275
JAWA TIMUR,PONOROGO,JAMBON,300,50,50,250,225
JAWA TIMUR,PONOROGO,BADEGAN,350,50,50,250,275
JAWA TIMUR,PONOROGO,SAMPUNG,350,50,50,250,275
JAWA TIMUR,PONOROGO,SUKOREJO,350,50,50,250,275
JAWA TIMUR,PONOROGO,PONOROGO,350,50,50,250,275
JAWA TIMUR,PONOROGO,BABADAN,350,50,50,250,275
JAWA TIMUR,PONOROGO,JENANGAN,350,50,100,250,275
JAWA TIMUR,PONOROGO,NGEBEL,350,50,100,250,275
JAWA TIMUR,TRENGGALEK,PANGGUL,300,75,100,300,200
JAWA TIMUR,TRENGGALEK,MUNJUNGAN,300,50,50,250,225
JAWA TIMUR,TRENGGALEK,WATULIMO,300,50,50,250,225
JAWA TIMUR,TRENGGALEK,KAMPAK,300,50,50,250,225
JAWA TIMUR,TRENGGALEK,DONGKO,300,50,100,250,225
JAWA TIMUR,TRENGGALEK,PULE,300,50,100,250,225
JAWA TIMUR,TRENGGALEK,KARANGAN,300,50,50,250,225
JAWA TIMUR,TRENGGALEK,SURUH,300,50,100,250,225
JAWA TIMUR,TRENGGALEK,GANDUSARI,300,50,50,250,225
JAWA TIMUR,TRENGGALEK,DURENAN,300,50,50,250,225
JAWA TIMUR,TRENGGALEK,POGALAN,300,50,50,250,225
JAWA TIMUR,TRENGGALEK,TRENGGALEK,300,50,50,250,225
JAWA TIMUR,TRENGGALEK,TUGU,350,50,50,250,275
JAWA TIMUR,TRENGGALEK,BENDUNGAN,350,50,50,250,275
JAWA TIMUR,TULUNGAGUNG,BESUKI,350,50,50,250,275
JAWA TIMUR,TULUNGAGUNG,BANDUNG,350,50,50,250,275
JAWA TIMUR,TULUNGAGUNG,PAKEL,350,50,50,250,275
JAWA TIMUR,TULUNGAGUNG,CAMPUR DARAT,350,50,50,250,275
JAWA TIMUR,TULUNGAGUNG,TANGGUNG GUNUNG,350,50,50,250,275
JAWA TIMUR,TULUNGAGUNG,KALIDAWIR,350,50,50,250,275
JAWA TIMUR,TULUNGAGUNG,PUCANG LABAN,350,50,50,250,275
JAWA TIMUR,TULUNGAGUNG,REJOTANGAN,350,50,50,250,275
JAWA TIMUR,TULUNGAGUNG,NGUNUT,350,50,50,250,275
JAWA TIMUR,TULUNGAGUNG,SUMBERGEMPOL,350,50,50,250,275
JAWA TIMUR,TULUNGAGUNG,BOYOLANGU,350,50,50,250,275
JAWA TIMUR,TULUNGAGUNG,TULUNGAGUNG,350,50,50,250,275
JAWA TIMUR,TULUNGAGUNG,KEDUNGWARU,350,50,50,250,275
JAWA TIMUR,TULUNGAGUNG,NGANTRU,350,50,100,250,275
JAWA TIMUR,TULUNGAGUNG,KARANGREJO,350,50,100,250,275
JAWA TIMUR,TULUNGAGUNG,KAUMAN,350,50,50,250,275
JAWA TIMUR,TULUNGAGUNG,GONDANG,350,50,50,250,275
JAWA TIMUR,TULUNGAGUNG,PAGER WOJO,350,50,100,250,275
JAWA TIMUR,TULUNGAGUNG,SENDANG,350,50,100,250,275
JAWA TIMUR,BLITAR,BAKUNG,350,50,50,250,275
JAWA TIMUR,BLITAR,WONOTIRTO,350,50,50,250,275
JAWA TIMUR,BLITAR,PANGGUNGREJO,350,50,50,250,275
JAWA TIMUR,BLITAR,WATES,350,50,100,250,275
JAWA TIMUR,BLITAR,BINANGUN,350,50,50,250,275
JAWA TIMUR,BLITAR,SUTOJAYAN,350,50,50,250,275
JAWA TIMUR,BLITAR,KADEMANGAN,350,50,50,250,275
JAWA TIMUR,BLITAR,KANIGORO,350,50,50,250,275
JAWA TIMUR,BLITAR,TALUN,350,50,50,250,275
JAWA TIMUR,BLITAR,SELOPURO,350,50,50,250,275
JAWA TIMUR,BLITAR,KESAMBEN,350,50,50,250,275
JAWA TIMUR,BLITAR,SELOREJO,350,50,50,250,275
JAWA TIMUR,BLITAR,DOKO,350,50,50,250,275
JAWA TIMUR,BLITAR,WLINGI,350,50,50,250,275
JAWA TIMUR,BLITAR,GANDUSARI,350,50,50,250,275
JAWA TIMUR,BLITAR,GARUM,350,50,50,250,275
JAWA TIMUR,BLITAR,NGLEGOK,350,50,100,250,275
JAWA TIMUR,BLITAR,SANANKULON,350,50,50,250,275
JAWA TIMUR,BLITAR,PONGGOK,350,50,100,250,275
JAWA TIMUR,BLITAR,SRENGAT,350,50,100,250,275
JAWA TIMUR,BLITAR,WONODADI,300,50,50,250,225
JAWA TIMUR,BLITAR,UDANAWU,300,50,50,250,225
JAWA TIMUR,KEDIRI,MOJO,350,50,100,250,275
JAWA TIMUR,KEDIRI,SEMEN,350,50,100,250,275
JAWA TIMUR,KEDIRI,NGADILUWIH,350,50,50,250,275
JAWA TIMUR,KEDIRI,KRAS,350,50,50,250,275
JAWA TIMUR,KEDIRI,RINGINREJO,350,50,50,250,275
JAWA TIMUR,KEDIRI,KANDAT,300,50,50,250,225
JAWA TIMUR,KEDIRI,WATES,350,50,50,250,275
JAWA TIMUR,KEDIRI,NGANCAR,350,50,100,250,275
JAWA TIMUR,KEDIRI,PLOSOKLATEN,350,50,50,250,275
JAWA TIMUR,KEDIRI,GURAH,350,50,50,250,275
JAWA TIMUR,KEDIRI,PUNCU,350,50,100,250,275
JAWA TIMUR,KEDIRI,KEPUNG,350,50,50,250,275
JAWA TIMUR,KEDIRI,KANDANGAN,350,50,100,250,275
JAWA TIMUR,KEDIRI,PARE,350,50,50,250,275
JAWA TIMUR,KEDIRI,BADAS,350,50,50,250,275
JAWA TIMUR,KEDIRI,KUNJANG,350,50,50,250,275
JAWA TIMUR,KEDIRI,PLEMAHAN,350,50,50,250,275
JAWA TIMUR,KEDIRI,PURWOASRI,350,50,100,250,275
JAWA TIMUR,KEDIRI,PAPAR,350,50,100,250,275
JAWA TIMUR,KEDIRI,PAGU,350,50,50,250,275
JAWA TIMUR,KEDIRI,KAYEN KIDUL,350,50,50,250,275
JAWA TIMUR,KEDIRI,GAMPENGREJO,350,50,100,250,275
JAWA TIMUR,KEDIRI,NGASEM,350,50,50,250,275
JAWA TIMUR,KEDIRI,BANYAKAN,300,50,100,250,225
JAWA TIMUR,KEDIRI,GROGOL,350,50,100,250,275
JAWA TIMUR,KEDIRI,TAROKAN,350,50,100,250,275
JAWA TIMUR,MALANG,DONOMULYO,350,50,50,250,275
JAWA TIMUR,MALANG,KALIPARE,350,50,50,250,275
JAWA TIMUR,MALANG,PAGAK,350,50,100,250,275
JAWA TIMUR,MALANG,BANTUR,350,50,100,250,275
JAWA TIMUR,MALANG,GEDANGAN,350,50,100,250,275
JAWA TIMUR,MALANG,SUMBERMANJING WETAN,350,50,50,250,275
JAWA TIMUR,MALANG,DAMPIT,350,50,50,250,275
JAWA TIMUR,MALANG,TIRTO YUDO,350,50,50,250,275
JAWA TIMUR,MALANG,AMPELGADING,350,50,100,250,275
JAWA TIMUR,MALANG,PONCOKUSUMO,350,50,50,250,275
JAWA TIMUR,MALANG,WAJAK,350,50,50,250,275
JAWA TIMUR,MALANG,TUREN,350,50,50,250,275
JAWA TIMUR,MALANG,BULULAWANG,350,50,50,250,275
JAWA TIMUR,MALANG,GONDANGLEGI,350,50,50,250,275
JAWA TIMUR,MALANG,PAGELARAN,350,50,50,250,275
JAWA TIMUR,MALANG,KEPANJEN,350,50,50,250,275
JAWA TIMUR,MALANG,SUMBER PUCUNG,350,50,50,250,275
JAWA TIMUR,MALANG,KROMENGAN,350,50,50,250,275
JAWA TIMUR,MALANG,NGAJUM,350,50,50,250,275
JAWA TIMUR,MALANG,WONOSARI,350,50,50,250,275
JAWA TIMUR,MALANG,WAGIR,350,50,50,250,275
JAWA TIMUR,MALANG,PAKISAJI,350,50,50,250,275
JAWA TIMUR,MALANG,TAJINAN,350,50,50,250,275
JAWA TIMUR,MALANG,TUMPANG,350,50,50,250,275
JAWA TIMUR,MALANG,PAKIS,350,50,50,250,275
JAWA TIMUR,MALANG,JABUNG,350,50,50,250,275
JAWA TIMUR,MALANG,LAWANG,350,50,50,250,275
JAWA TIMUR,MALANG,SINGOSARI,350,50,50,250,275
JAWA TIMUR,MALANG,KARANGPLOSO,350,50,50,250,275
JAWA TIMUR,MALANG,DAU,350,50,50,250,275
JAWA TIMUR,MALANG,PUJON,350,50,100,250,275
JAWA TIMUR,MALANG,NGANTANG,350,50,50,250,275
JAWA TIMUR,MALANG,KASEMBON,350,50,100,250,275
JAWA TIMUR,LUMAJANG,TEMPURSARI,350,50,100,250,275
JAWA TIMUR,LUMAJANG,PRONOJIWO,350,50,50,250,275
JAWA TIMUR,LUMAJANG,CANDIPURO,350,50,50,250,275
JAWA TIMUR,LUMAJANG,PASIRIAN,350,50,50,250,275
JAWA TIMUR,LUMAJANG,TEMPEH,350,50,100,250,275
JAWA TIMUR,LUMAJANG,LUMAJANG,350,50,50,250,275
JAWA TIMUR,LUMAJANG,SUMBERSUKO,350,50,100,250,275
JAWA TIMUR,LUMAJANG,TEKUNG,350,50,50,250,275
JAWA TIMUR,LUMAJANG,KUNIR,350,50,50,250,275
JAWA TIMUR,LUMAJANG,YOSOWILANGUN,350,50,50,250,275
JAWA TIMUR,LUMAJANG,ROWOKANGKUNG,350,50,50,250,275
JAWA TIMUR,LUMAJANG,JATIROTO,350,50,50,250,275
JAWA TIMUR,LUMAJANG,RANDUAGUNG,350,50,50,250,275
JAWA TIMUR,LUMAJANG,SUKODONO,350,50,50,250,275
JAWA TIMUR,LUMAJANG,PADANG,300,50,100,250,225
JAWA TIMUR,LUMAJANG,PASRUJAMBE,350,50,50,250,275
JAWA TIMUR,LUMAJANG,SENDURO,350,50,100,250,275
JAWA TIMUR,LUMAJANG,GUCIALIT,300,50,100,250,225
JAWA TIMUR,LUMAJANG,KEDUNGJAJANG,300,50,100,250,225
JAWA TIMUR,LUMAJANG,KLAKAH,300,50,100,250,225
JAWA TIMUR,LUMAJANG,RANUYOSO,300,50,100,250,225
JAWA TIMUR,JEMBER,KENCONG,350,50,50,250,275
JAWA TIMUR,JEMBER,GUMUK MAS,350,50,50,250,275
JAWA TIMUR,JEMBER,PUGER,350,50,50,250,275
JAWA TIMUR,JEMBER,WULUHAN,350,50,50,250,275
JAWA TIMUR,JEMBER,AMBULU,350,50,50,250,275
JAWA TIMUR,JEMBER,TEMPUREJO,300,50,50,250,225
JAWA TIMUR,JEMBER,SILO,350,50,50,250,275
JAWA TIMUR,JEMBER,MAYANG,300,50,50,250,225
JAWA TIMUR,JEMBER,MUMBULSARI,300,50,50,250,225
JAWA TIMUR,JEMBER,JENGGAWAH,350,50,50,250,275
JAWA TIMUR,JEMBER,AJUNG,350,50,50,250,275
JAWA TIMUR,JEMBER,RAMBIPUJI,350,50,50,250,275
JAWA TIMUR,JEMBER,BALUNG,350,50,50,250,275
JAWA TIMUR,JEMBER,UMBULSARI,350,50,50,250,275
JAWA TIMUR,JEMBER,SEMBORO,350,50,50,250,275
JAWA TIMUR,JEMBER,JOMBANG,350,50,50,250,275
JAWA TIMUR,JEMBER,SUMBER BARU,350,50,50,250,275
JAWA TIMUR,JEMBER,TANGGUL,350,50,50,250,275
JAWA TIMUR,JEMBER,BANGSALSARI,350,50,50,250,275
JAWA TIMUR,JEMBER,PANTI,300,50,50,250,225
JAWA TIMUR,JEMBER,SUKORAMBI,350,50,50,250,275
JAWA TIMUR,JEMBER,ARJASA,300,50,50,250,225
JAWA TIMUR,JEMBER,PAKUSARI,300,50,50,250,225
JAWA TIMUR,JEMBER,KALISAT,300,50,50,250,225
JAWA TIMUR,JEMBER,LEDOKOMBO,300,50,50,250,225
JAWA TIMUR,JEMBER,SUMBERJAMBE,350,50,50,250,275
JAWA TIMUR,JEMBER,SUKOWONO,350,50,50,250,275
JAWA TIMUR,JEMBER,JELBUK,350,50,50,250,275
JAWA TIMUR,JEMBER,KALIWATES,350,50,50,250,275
JAWA TIMUR,JEMBER,SUMBERSARI,350,50,50,250,275
JAWA TIMUR,JEMBER,PATRANG,350,50,50,250,275
JAWA TIMUR,BANYUWANGI,PESANGGARAN,350,50,50,250,275
JAWA TIMUR,BANYUWANGI,SILIRAGUNG,350,50,50,250,275
JAWA TIMUR,BANYUWANGI,BLIMBINGSARI,350,50,50,250,275
JAWA TIMUR,BANYUWANGI,BANGOREJO,350,50,50,250,275
JAWA TIMUR,BANYUWANGI,PURWOHARJO,350,50,50,250,275
JAWA TIMUR,BANYUWANGI,TEGALDLIMO,350,50,50,250,275
JAWA TIMUR,BANYUWANGI,MUNCAR,350,50,50,250,275
JAWA TIMUR,BANYUWANGI,CLURING,350,50,50,250,275
JAWA TIMUR,BANYUWANGI,GAMBIRAN,350,50,50,250,275
JAWA TIMUR,BANYUWANGI,TEGALSARI,350,50,50,250,275
JAWA TIMUR,BANYUWANGI,GLENMORE,350,50,50,250,275
JAWA TIMUR,BANYUWANGI,KALIBARU,350,50,50,250,275
JAWA TIMUR,BANYUWANGI,GENTENG,350,50,50,250,275
JAWA TIMUR,BANYUWANGI,SRONO,350,50,50,250,275
JAWA TIMUR,BANYUWANGI,ROGOJAMPI,350,50,50,250,275
JAWA TIMUR,BANYUWANGI,KABAT,350,50,50,250,275
JAWA TIMUR,BANYUWANGI,SINGOJURUH,350,50,50,250,275
JAWA TIMUR,BANYUWANGI,SEMPU,350,50,50,250,275
JAWA TIMUR,BANYUWANGI,SONGGON,350,50,50,250,275
JAWA TIMUR,BANYUWANGI,GLAGAH,350,50,50,250,275
JAWA TIMUR,BANYUWANGI,LICIN,350,50,50,250,275
JAWA TIMUR,BANYUWANGI,BANYUWANGI,350,50,50,250,275
JAWA TIMUR,BANYUWANGI,GIRI,350,50,50,250,275
JAWA TIMUR,BANYUWANGI,KALIPURO,350,50,50,250,275
JAWA TIMUR,BANYUWANGI,WONGSOREJO,350,50,50,250,275
JAWA TIMUR,BONDOWOSO,MAESAN,350,50,50,250,275
JAWA TIMUR,BONDOWOSO,GRUJUGAN,350,50,50,250,275
JAWA TIMUR,BONDOWOSO,TAMANAN,350,50,50,250,275
JAWA TIMUR,BONDOWOSO,JAMBESARI DARUS SHOLAH,350,50,50,250,275
JAWA TIMUR,BONDOWOSO,PUJER,350,50,50,250,275
JAWA TIMUR,BONDOWOSO,TLOGOSARI,350,50,50,250,275
JAWA TIMUR,BONDOWOSO,SUKOSARI,350,50,50,250,275
JAWA TIMUR,BONDOWOSO,SUMBER WRINGIN,350,50,50,250,275
JAWA TIMUR,BONDOWOSO,TAPEN,350,50,50,250,275
JAWA TIMUR,BONDOWOSO,WONOSARI,350,50,50,250,275
JAWA TIMUR,BONDOWOSO,TENGGARANG,350,50,50,250,275
JAWA TIMUR,BONDOWOSO,BONDOWOSO,350,50,50,250,275
JAWA TIMUR,BONDOWOSO,CURAH DAMI,300,50,50,250,225
JAWA TIMUR,BONDOWOSO,BINAKAL,300,50,50,250,225
JAWA TIMUR,BONDOWOSO,PAKEM,300,50,50,250,225
JAWA TIMUR,BONDOWOSO,WRINGIN,300,50,50,250,225
JAWA TIMUR,BONDOWOSO,TEGALAMPEL,350,50,50,250,275
JAWA TIMUR,BONDOWOSO,TAMAN KROCOK,350,50,50,250,275
JAWA TIMUR,BONDOWOSO,KLABANG,350,50,50,250,275
JAWA TIMUR,BONDOWOSO,IJEN,350,50,50,250,275
JAWA TIMUR,BONDOWOSO,BOTOLINGGO,350,50,50,250,275
JAWA TIMUR,BONDOWOSO,PRAJEKAN,350,50,50,250,275
JAWA TIMUR,BONDOWOSO,CERMEE,350,50,50,250,275
JAWA TIMUR,SITUBONDO,SUMBERMALANG,300,50,50,250,225
JAWA TIMUR,SITUBONDO,JATIBANTENG,300,50,50,250,225
JAWA TIMUR,SITUBONDO,BANYUGLUGUR,300,50,50,250,225
JAWA TIMUR,SITUBONDO,BESUKI,300,50,50,250,225
JAWA TIMUR,SITUBONDO,SUBOH,300,50,50,250,225
JAWA TIMUR,SITUBONDO,MLANDINGAN,300,50,50,250,225
JAWA TIMUR,SITUBONDO,BUNGATAN,300,50,50,250,225
JAWA TIMUR,SITUBONDO,KENDIT,300,50,50,250,225
JAWA TIMUR,SITUBONDO,PANARUKAN,300,50,50,250,225
JAWA TIMUR,SITUBONDO,SITUBONDO,300,50,50,250,225
JAWA TIMUR,SITUBONDO,MANGARAN,300,50,50,250,225
JAWA TIMUR,SITUBONDO,PANJI,300,50,50,250,225
JAWA TIMUR,SITUBONDO,KAPONGAN,300,50,50,250,225
JAWA TIMUR,SITUBONDO,ARJASA,300,50,50,250,225
JAWA TIMUR,SITUBONDO,JANGKAR,300,50,50,250,225
JAWA TIMUR,SITUBONDO,ASEMBAGUS,300,50,50,250,225
JAWA TIMUR,SITUBONDO,BANYUPUTIH,300,50,50,250,225
JAWA TIMUR,PROBOLINGGO,SUKAPURA,250,50,50,250,175
JAWA TIMUR,PROBOLINGGO,SUMBER,300,50,50,250,225
JAWA TIMUR,PROBOLINGGO,KURIPAN,300,50,50,250,225
JAWA TIMUR,PROBOLINGGO,BANTARAN,300,50,50,250,225
JAWA TIMUR,PROBOLINGGO,LECES,250,50,50,250,175
JAWA TIMUR,PROBOLINGGO,TEGALSIWALAN,250,50,50,250,175
JAWA TIMUR,PROBOLINGGO,BANYUANYAR,250,50,50,250,175
JAWA TIMUR,PROBOLINGGO,TIRIS,300,50,100,250,225
JAWA TIMUR,PROBOLINGGO,KRUCIL,300,50,50,250,225
JAWA TIMUR,PROBOLINGGO,GADING,300,50,50,250,225
JAWA TIMUR,PROBOLINGGO,PAKUNIRAN,300,50,50,250,225
JAWA TIMUR,PROBOLINGGO,KOTAANYAR,300,50,50,250,225
JAWA TIMUR,PROBOLINGGO,PAITON,300,50,50,250,225
JAWA TIMUR,PROBOLINGGO,BESUK,300,50,50,250,225
JAWA TIMUR,PROBOLINGGO,KRAKSAAN,300,50,50,250,225
JAWA TIMUR,PROBOLINGGO,KREJENGAN,300,50,50,250,225
JAWA TIMUR,PROBOLINGGO,PEJARAKAN,250,50,50,250,175
JAWA TIMUR,PROBOLINGGO,MARON,250,50,50,250,175
JAWA TIMUR,PROBOLINGGO,GENDING,300,50,50,250,225
JAWA TIMUR,PROBOLINGGO,DRINGU,300,50,50,250,225
JAWA TIMUR,PROBOLINGGO,WONOMERTO,300,50,50,250,225
JAWA TIMUR,PROBOLINGGO,LUMBANG,300,50,50,250,225
JAWA TIMUR,PROBOLINGGO,TONGAS,350,50,50,250,275
JAWA TIMUR,PROBOLINGGO,SUMBERASIH,300,50,50,250,225
JAWA TIMUR,PASURUAN,PURWODADI,350,50,50,250,275
JAWA TIMUR,PASURUAN,TUTUR,350,50,50,250,275
JAWA TIMUR,PASURUAN,PUSPO,350,50,50,250,275
JAWA TIMUR,PASURUAN,TOSARI,350,50,50,250,275
JAWA TIMUR,PASURUAN,LUMBANG,350,50,100,250,275
JAWA TIMUR,PASURUAN,PASREPAN,350,50,50,250,275
JAWA TIMUR,PASURUAN,KEJAYAN,350,50,50,250,275
JAWA TIMUR,PASURUAN,WONOREJO,350,50,50,250,275
JAWA TIMUR,PASURUAN,PURWOSARI,350,50,50,250,275
JAWA TIMUR,PASURUAN,PRIGEN,350,50,50,250,275
JAWA TIMUR,PASURUAN,SUKOREJO,350,50,50,250,275
JAWA TIMUR,PASURUAN,PANDAAN,350,50,50,250,275
JAWA TIMUR,PASURUAN,GEMPOL,350,50,50,250,275
JAWA TIMUR,PASURUAN,BEJI,350,50,50,250,275
JAWA TIMUR,PASURUAN,BANGIL,350,50,50,250,275
JAWA TIMUR,PASURUAN,REMBANG,300,50,50,250,225
JAWA TIMUR,PASURUAN,KRATON,350,50,50,250,275
JAWA TIMUR,PASURUAN,POHJENTREK,350,50,50,250,275
JAWA TIMUR,PASURUAN,GONDANG WETAN,300,50,50,250,225
JAWA TIMUR,PASURUAN,REJOSO,350,50,50,250,275
JAWA TIMUR,PASURUAN,WINONGAN,300,50,50,250,225
JAWA TIMUR,PASURUAN,GRATI,350,50,50,250,275
JAWA TIMUR,PASURUAN,LEKOK,350,50,50,250,275
JAWA TIMUR,PASURUAN,NGULING,350,50,50,250,275
JAWA TIMUR,SIDOARJO,TARIK,350,50,50,250,275
JAWA TIMUR,SIDOARJO,PRAMBON,350,50,50,250,275
JAWA TIMUR,SIDOARJO,KREMBUNG,350,50,50,250,275
JAWA TIMUR,SIDOARJO,PORONG,350,50,50,250,275
JAWA TIMUR,SIDOARJO,JABON,350,50,50,250,275
JAWA TIMUR,SIDOARJO,TANGGULANGIN,350,50,50,250,275
JAWA TIMUR,SIDOARJO,CANDI,350,50,50,250,275
JAWA TIMUR,SIDOARJO,TULANGAN,350,50,50,250,275
JAWA TIMUR,SIDOARJO,WONOAYU,350,50,50,250,275
JAWA TIMUR,SIDOARJO,SUKODONO,350,50,50,250,275
JAWA TIMUR,SIDOARJO,SIDOARJO,350,50,50,250,275
JAWA TIMUR,SIDOARJO,BUDURAN,350,50,50,250,275
JAWA TIMUR,SIDOARJO,SEDATI,350,50,50,250,275
JAWA TIMUR,SIDOARJO,WARU,350,50,50,250,275
JAWA TIMUR,SIDOARJO,GEDANGAN,350,50,50,250,275
JAWA TIMUR,SIDOARJO,TAMAN,350,50,50,250,275
JAWA TIMUR,SIDOARJO,KRIAN,350,50,50,250,275
JAWA TIMUR,SIDOARJO,BALONG BENDO,350,50,50,250,275
JAWA TIMUR,MOJOKERTO,JATIREJO,350,50,50,250,275
JAWA TIMUR,MOJOKERTO,GONDANG,350,50,50,250,275
JAWA TIMUR,MOJOKERTO,PACET,350,50,50,250,275
JAWA TIMUR,MOJOKERTO,TRAWAS,350,50,50,250,275
JAWA TIMUR,MOJOKERTO,NGORO,350,50,50,250,275
JAWA TIMUR,MOJOKERTO,PUNGGING,350,50,50,250,275
JAWA TIMUR,MOJOKERTO,KUTOREJO,350,50,50,250,275
JAWA TIMUR,MOJOKERTO,MOJOSARI,350,50,50,250,275
JAWA TIMUR,MOJOKERTO,BANGSAL,350,50,100,250,275
JAWA TIMUR,MOJOKERTO,MOJOANYAR,350,50,50,250,275
JAWA TIMUR,MOJOKERTO,DLANGGU,350,50,50,250,275
JAWA TIMUR,MOJOKERTO,PURI,300,50,100,250,225
JAWA TIMUR,MOJOKERTO,TROWULAN,350,50,100,250,275
JAWA TIMUR,MOJOKERTO,SOOKO,350,50,100,250,275
JAWA TIMUR,MOJOKERTO,GEDEG,350,50,50,250,275
JAWA TIMUR,MOJOKERTO,KEMLAGI,350,50,50,250,275
JAWA TIMUR,MOJOKERTO,JETIS,350,50,50,250,275
JAWA TIMUR,MOJOKERTO,DAWAR BLANDONG,350,50,100,250,275
JAWA TIMUR,JOMBANG,BANDAR KEDUNG MULYO,350,50,100,250,275
JAWA TIMUR,JOMBANG,PERAK,350,50,100,250,275
JAWA TIMUR,JOMBANG,GUDO,350,50,100,250,275
JAWA TIMUR,JOMBANG,DIWEK,350,50,100,250,275
JAWA TIMUR,JOMBANG,NGORO,350,50,100,250,275
JAWA TIMUR,JOMBANG,MOJOWARNO,350,50,100,250,275
JAWA TIMUR,JOMBANG,BARENG,350,50,100,250,275
JAWA TIMUR,JOMBANG,WONOSALAM,350,50,100,250,275
JAWA TIMUR,JOMBANG,MOJOAGUNG,350,50,50,250,275
JAWA TIMUR,JOMBANG,SUMOBITO,350,50,100,250,275
JAWA TIMUR,JOMBANG,JOGO ROTO,350,50,100,250,275
JAWA TIMUR,JOMBANG,PETERONGAN,350,50,100,250,275
JAWA TIMUR,JOMBANG,JOMBANG,350,50,50,250,275
JAWA TIMUR,JOMBANG,MEGALUH,350,50,50,250,275
JAWA TIMUR,JOMBANG,TEMBELANG,350,50,50,250,275
JAWA TIMUR,JOMBANG,KESAMBEN,350,50,50,250,275
JAWA TIMUR,JOMBANG,KUDU,350,50,50,250,275
JAWA TIMUR,JOMBANG,NGUSIKAN,350,50,50,250,275
JAWA TIMUR,JOMBANG,PLOSO,350,50,50,250,275
JAWA TIMUR,JOMBANG,KABUH,350,50,50,250,275
JAWA TIMUR,JOMBANG,PLANDAAN,350,50,50,250,275
JAWA TIMUR,NGANJUK,SAWAHAN,350,50,50,250,275
JAWA TIMUR,NGANJUK,NGETOS,350,50,50,250,275
JAWA TIMUR,NGANJUK,BERBEK,350,50,50,250,275
JAWA TIMUR,NGANJUK,LOCERET,350,50,50,250,275
JAWA TIMUR,NGANJUK,PACE,350,50,50,250,275
JAWA TIMUR,NGANJUK,TANJUNGANOM,350,50,50,250,275
JAWA TIMUR,NGANJUK,PRAMBON,350,50,50,250,275
JAWA TIMUR,NGANJUK,NGRONGGOT,350,50,50,250,275
JAWA TIMUR,NGANJUK,KERTOSONO,350,50,50,250,275
JAWA TIMUR,NGANJUK,PATIANROWO,350,50,50,250,275
JAWA TIMUR,NGANJUK,BARON,350,50,50,250,275
JAWA TIMUR,NGANJUK,GONDANG,350,50,50,250,275
JAWA TIMUR,NGANJUK,SUKOMORO,350,50,50,250,275
JAWA TIMUR,NGANJUK,NGANJUK,350,50,50,250,275
JAWA TIMUR,NGANJUK,BAGOR,350,50,50,250,275
JAWA TIMUR,NGANJUK,WILANGAN,350,50,50,250,275
JAWA TIMUR,NGANJUK,REJOSO,350,50,50,250,275
JAWA TIMUR,NGANJUK,NGLUYU,350,50,50,250,275
JAWA TIMUR,NGANJUK,LENGKONG,350,50,50,250,275
JAWA TIMUR,NGANJUK,JATIKALEN,350,50,50,250,275
JAWA TIMUR,MADIUN,KEBONSARI,350,50,100,250,275
JAWA TIMUR,MADIUN,GEGER,350,50,50,250,275
JAWA TIMUR,MADIUN,DOLOPO,350,50,50,250,275
JAWA TIMUR,MADIUN,DAGANGAN,350,50,100,250,275
JAWA TIMUR,MADIUN,WUNGU,350,50,100,250,275
JAWA TIMUR,MADIUN,KARE,350,50,100,250,275
JAWA TIMUR,MADIUN,GEMARANG,350,50,100,250,275
JAWA TIMUR,MADIUN,SARADAN,350,50,50,250,275
JAWA TIMUR,MADIUN,PILANGKENCENG,350,50,50,250,275
JAWA TIMUR,MADIUN,MEJAYAN,350,50,100,250,275
JAWA TIMUR,MADIUN,WONOASRI,350,50,100,250,275
JAWA TIMUR,MADIUN,BALEREJO,350,50,50,250,275
JAWA TIMUR,MADIUN,MADIUN,350,50,50,250,275
JAWA TIMUR,MADIUN,SAWAHAN,350,50,50,250,275
JAWA TIMUR,MADIUN,JIWAN,350,50,50,250,275
JAWA TIMUR,MAGETAN,BARAT,350,50,50,250,275
JAWA TIMUR,MAGETAN,BENDO,350,50,50,250,275
JAWA TIMUR,MAGETAN,KARANGREJO,350,50,50,250,275
JAWA TIMUR,MAGETAN,KARAS,350,50,100,250,275
JAWA TIMUR,MAGETAN,KARTOHARJO,350,50,100,250,275
JAWA TIMUR,MAGETAN,KAWEDANAN,350,50,50,250,275
JAWA TIMUR,MAGETAN,LEMBEYAN,350,50,100,250,275
JAWA TIMUR,MAGETAN,MAGETAN,350,50,50,250,275
JAWA TIMUR,MAGETAN,MAOSPATI,350,50,50,250,275
JAWA TIMUR,MAGETAN,NGARIBOYO,350,50,50,250,275
JAWA TIMUR,MAGETAN,NGUNTORONADI,350,50,50,250,275
JAWA TIMUR,MAGETAN,PANEKAN,350,50,100,250,275
JAWA TIMUR,MAGETAN,PARANG,350,50,50,250,275
JAWA TIMUR,MAGETAN,PLAOSAN,300,50,50,250,225
JAWA TIMUR,MAGETAN,PONCOL,350,50,50,250,275
JAWA TIMUR,MAGETAN,SIDOREJO,350,50,50,250,275
JAWA TIMUR,MAGETAN,SUKOMORO,350,50,100,250,275
JAWA TIMUR,MAGETAN,TAKERAN,350,50,50,250,275
JAWA TIMUR,NGAWI,SINE,350,50,100,250,275
JAWA TIMUR,NGAWI,NGRAMBE,350,50,100,250,275
JAWA TIMUR,NGAWI,JOGOROGO,350,50,100,250,275
JAWA TIMUR,NGAWI,KENDAL,350,50,100,250,275
JAWA TIMUR,NGAWI,GENENG,350,50,50,250,275
JAWA TIMUR,NGAWI,GERIH,350,50,50,250,275
JAWA TIMUR,NGAWI,KWADUNGAN,350,50,50,250,275
JAWA TIMUR,NGAWI,PANGKUR,350,50,50,250,275
JAWA TIMUR,NGAWI,KARANGJATI,350,50,50,250,275
JAWA TIMUR,NGAWI,BRINGIN,350,50,50,250,275
JAWA TIMUR,NGAWI,PADAS,350,50,50,250,275
JAWA TIMUR,NGAWI,KASREMAN,350,50,50,250,275
JAWA TIMUR,NGAWI,NGAWI,350,50,50,250,275
JAWA TIMUR,NGAWI,PARON,350,50,50,250,275
JAWA TIMUR,NGAWI,KEDUNGGALAR,350,50,50,250,275
JAWA TIMUR,NGAWI,PITU,350,100,50,375,225
JAWA TIMUR,NGAWI,WIDODAREN,350,50,50,250,275
JAWA TIMUR,NGAWI,MANTINGAN,350,50,50,250,275
JAWA TIMUR,NGAWI,KARANGANYAR,350,100,50,375,225
JAWA TIMUR,BOJONEGORO,MARGOMULYO,300,50,50,250,225
JAWA TIMUR,BOJONEGORO,NGRAHO,350,50,50,250,275
JAWA TIMUR,BOJONEGORO,TAMBAKREJO,250,50,50,250,175
JAWA TIMUR,BOJONEGORO,NGAMBON,300,50,50,250,225
JAWA TIMUR,BOJONEGORO,SEKAR,300,50,50,250,225
JAWA TIMUR,BOJONEGORO,BUBULAN,300,50,50,250,225
JAWA TIMUR,BOJONEGORO,GONDANG,300,50,50,250,225
JAWA TIMUR,BOJONEGORO,TEMAYANG,300,50,50,250,225
JAWA TIMUR,BOJONEGORO,SUGIHWARAS,300,50,50,250,225
JAWA TIMUR,BOJONEGORO,KEDUNGADEM,350,50,50,250,275
JAWA TIMUR,BOJONEGORO,KEPOH BARU,350,50,100,250,275
JAWA TIMUR,BOJONEGORO,BAURENO,350,50,100,250,275
JAWA TIMUR,BOJONEGORO,KANOR,350,50,100,250,275
JAWA TIMUR,BOJONEGORO,SUMBEREJO,300,50,100,250,225
JAWA TIMUR,BOJONEGORO,BALEN,350,50,100,250,275
JAWA TIMUR,BOJONEGORO,SUKOSEWU,300,50,50,250,225
JAWA TIMUR,BOJONEGORO,KAPAS,350,50,50,250,275
JAWA TIMUR,BOJONEGORO,BOJONEGORO,350,50,50,250,275
JAWA TIMUR,BOJONEGORO,TRUCUK,300,50,50,250,225
JAWA TIMUR,BOJONEGORO,DANDER,350,50,50,250,275
JAWA TIMUR,BOJONEGORO,NGASEM,350,50,50,250,275
JAWA TIMUR,BOJONEGORO,GAYAM,300,50,50,250,225
JAWA TIMUR,BOJONEGORO,KALITIDU,350,50,50,250,275
JAWA TIMUR,BOJONEGORO,MALO,300,50,50,250,225
JAWA TIMUR,BOJONEGORO,PURWOSARI,300,50,50,250,225
JAWA TIMUR,BOJONEGORO,PADANGAN,300,50,50,250,225
JAWA TIMUR,BOJONEGORO,KASIMAN,300,50,50,250,225
JAWA TIMUR,BOJONEGORO,KEDEWAN,300,50,50,250,225
JAWA TIMUR,TUBAN,KENDURUAN,300,50,50,250,225
JAWA TIMUR,TUBAN,BANGILAN,300,50,50,250,225
JAWA TIMUR,TUBAN,SENORI,300,50,50,250,225
JAWA TIMUR,TUBAN,SINGGAHAN,300,50,50,250,225
JAWA TIMUR,TUBAN,MONTONG,300,50,50,250,225
JAWA TIMUR,TUBAN,PARENGAN,300,50,50,250,225
JAWA TIMUR,TUBAN,SOKO,350,50,50,250,275
JAWA TIMUR,TUBAN,RENGEL,350,50,50,250,275
JAWA TIMUR,TUBAN,GRABAGAN,300,50,50,250,225
JAWA TIMUR,TUBAN,PLUMPANG,350,50,50,250,275
JAWA TIMUR,TUBAN,WIDANG,350,50,50,250,275
JAWA TIMUR,TUBAN,PALANG,300,50,50,250,225
JAWA TIMUR,TUBAN,SEMANDING,300,50,50,250,225
JAWA TIMUR,TUBAN,TUBAN,300,50,50,250,225
JAWA TIMUR,TUBAN,JENU,300,50,50,250,225
JAWA TIMUR,TUBAN,MERAKURAK,300,50,50,250,225
JAWA TIMUR,TUBAN,KEREK,300,50,50,250,225
JAWA TIMUR,TUBAN,TAMBAKBOYO,300,50,50,250,225
JAWA TIMUR,TUBAN,JATIROGO,350,50,50,250,275
JAWA TIMUR,TUBAN,BANCAR,350,75,100,300,250
JAWA TIMUR,LAMONGAN,SUKORAME,350,50,50,250,275
JAWA TIMUR,LAMONGAN,BLULUK,350,50,50,250,275
JAWA TIMUR,LAMONGAN,NGIMBANG,350,50,50,250,275
JAWA TIMUR,LAMONGAN,SAMBENG,350,50,50,250,275
JAWA TIMUR,LAMONGAN,MANTUP,350,50,50,250,275
JAWA TIMUR,LAMONGAN,KEMBANGBAHU,350,50,50,250,275
JAWA TIMUR,LAMONGAN,SUGIO,350,50,50,250,275
JAWA TIMUR,LAMONGAN,KEDUNGPRING,350,50,50,250,275
JAWA TIMUR,LAMONGAN,MODO,350,50,50,250,275
JAWA TIMUR,LAMONGAN,BABAT,350,50,50,250,275
JAWA TIMUR,LAMONGAN,PUCUK,350,50,50,250,275
JAWA TIMUR,LAMONGAN,SUKODADI,350,50,50,250,275
JAWA TIMUR,LAMONGAN,LAMONGAN,350,50,50,250,275
JAWA TIMUR,LAMONGAN,TIKUNG,350,50,50,250,275
JAWA TIMUR,LAMONGAN,SARIREJO,350,50,50,250,275
JAWA TIMUR,LAMONGAN,DEKET,350,50,50,250,275
JAWA TIMUR,LAMONGAN,GLAGAH,350,50,50,250,275
JAWA TIMUR,LAMONGAN,KARANGBINANGUN,350,50,50,250,275
JAWA TIMUR,LAMONGAN,TURI,350,50,50,250,275
JAWA TIMUR,LAMONGAN,KALITENGAH,350,50,50,250,275
JAWA TIMUR,LAMONGAN,KARANG GENENG,350,50,50,250,275
JAWA TIMUR,LAMONGAN,SEKARAN,350,50,50,250,275
JAWA TIMUR,LAMONGAN,MADURAN,350,50,50,250,275
JAWA TIMUR,LAMONGAN,LAREN,350,50,50,250,275
JAWA TIMUR,LAMONGAN,SOLOKURO,350,50,50,250,275
JAWA TIMUR,LAMONGAN,PACIRAN,350,50,50,250,275
JAWA TIMUR,LAMONGAN,BRONDONG,350,50,50,250,275
JAWA TIMUR,GRESIK,WRINGINANOM,350,50,100,250,275
JAWA TIMUR,GRESIK,DRIYOREJO,350,50,100,250,275
JAWA TIMUR,GRESIK,KEDAMEAN,350,75,50,300,250
JAWA TIMUR,GRESIK,MENGANTI,350,75,50,300,250
JAWA TIMUR,GRESIK,CERME,350,50,50,250,275
JAWA TIMUR,GRESIK,BENJENG,350,50,50,250,275
JAWA TIMUR,GRESIK,BALONGPANGGANG,350,50,50,250,275
JAWA TIMUR,GRESIK,DUDUKSAMPEYAN,350,50,50,250,275
JAWA TIMUR,GRESIK,KEBOMAS,350,50,50,250,275
JAWA TIMUR,GRESIK,GRESIK,350,50,50,250,275
JAWA TIMUR,GRESIK,MANYAR,350,50,50,250,275
JAWA TIMUR,GRESIK,BUNGAH,350,50,50,250,275
JAWA TIMUR,GRESIK,SIDAYU,350,50,50,250,275
JAWA TIMUR,GRESIK,DUKUN,350,50,50,250,275
JAWA TIMUR,GRESIK,PANCENG,350,50,50,250,275
JAWA TIMUR,GRESIK,UJUNGPANGKAH,350,50,100,250,275
JAWA TIMUR,GRESIK,SANGKAPURA,350,50,100,250,275
JAWA TIMUR,GRESIK,TAMBAK,350,50,100,250,275
JAWA TIMUR,BANGKALAN,KAMAL,350,100,50,375,225
JAWA TIMUR,BANGKALAN,LABANG,300,75,100,300,200
JAWA TIMUR,BANGKALAN,KWANYAR,300,50,100,250,225
JAWA TIMUR,BANGKALAN,MODUNG,300,50,50,250,225
JAWA TIMUR,BANGKALAN,BLEGA,300,50,50,250,225
JAWA TIMUR,BANGKALAN,KONANG,300,100,100,375,175
JAWA TIMUR,BANGKALAN,GALIS,300,50,100,250,225
JAWA TIMUR,BANGKALAN,TANAH MERAH,300,75,100,300,200
JAWA TIMUR,BANGKALAN,TRAGAH,350,75,100,300,250
JAWA TIMUR,BANGKALAN,SOCAH,350,75,50,300,250
JAWA TIMUR,BANGKALAN,BANGKALAN,350,75,50,300,250
JAWA TIMUR,BANGKALAN,BURNEH,300,75,100,300,200
JAWA TIMUR,BANGKALAN,AROSBAYA,300,75,100,300,200
JAWA TIMUR,BANGKALAN,GEGER,350,50,100,250,275
JAWA TIMUR,BANGKALAN,KOKOP,300,50,100,250,225
JAWA TIMUR,BANGKALAN,TANJUNGBUMI,350,50,100,250,275
JAWA TIMUR,BANGKALAN,SEPULU,300,50,100,250,225
JAWA TIMUR,BANGKALAN,KLAMPIS,300,50,100,250,225
JAWA TIMUR,SAMPANG,SRESEH,300,75,50,300,200
JAWA TIMUR,SAMPANG,TORJUN,300,75,50,300,200
JAWA TIMUR,SAMPANG,PANGARENGAN,300,75,50,300,200
JAWA TIMUR,SAMPANG,SAMPANG,300,50,50,250,225
JAWA TIMUR,SAMPANG,CAMPLONG,300,50,100,250,225
JAWA TIMUR,SAMPANG,OMBEN,300,50,100,250,225
JAWA TIMUR,SAMPANG,KEDUNGDUNG,300,75,100,300,200
JAWA TIMUR,SAMPANG,JRENGIK,300,50,50,250,225
JAWA TIMUR,SAMPANG,TAMBELANGAN,300,75,100,300,200
JAWA TIMUR,SAMPANG,BANYUATES,300,50,50,250,225
JAWA TIMUR,SAMPANG,ROBATAL,300,75,100,300,200
JAWA TIMUR,SAMPANG,KARANG PENANG,300,75,100,300,200
JAWA TIMUR,SAMPANG,KETAPANG,300,50,100,250,225
JAWA TIMUR,SAMPANG,SOKOBANAH,300,50,100,250,225
JAWA TIMUR,PAMEKASAN,BATU MARMAR,300,50,100,250,225
JAWA TIMUR,PAMEKASAN,GALIS,300,50,100,250,225
JAWA TIMUR,PAMEKASAN,KADUR,300,50,50,250,225
JAWA TIMUR,PAMEKASAN,LARANGAN,300,50,100,250,225
JAWA TIMUR,PAMEKASAN,PADEMAWU,300,50,50,250,225
JAWA TIMUR,PAMEKASAN,PAKONG,300,50,100,250,225
JAWA TIMUR,PAMEKASAN,PALENGGAAN,250,50,50,250,175
JAWA TIMUR,PAMEKASAN,PAMEKASAN,250,50,50,250,175
JAWA TIMUR,PAMEKASAN,PASEAN,300,50,50,250,225
JAWA TIMUR,PAMEKASAN,PEGANTENAN,300,50,100,250,225
JAWA TIMUR,PAMEKASAN,PROPPO,300,50,50,250,225
JAWA TIMUR,PAMEKASAN,TLANAKAN,300,50,50,250,225
JAWA TIMUR,PAMEKASAN,WARU,300,50,50,250,225
JAWA TIMUR,SUMENEP,PRAGAAN,300,75,50,300,200
JAWA TIMUR,SUMENEP,BLUTO,300,50,50,250,225
JAWA TIMUR,SUMENEP,SARONGGI,350,50,50,250,275
JAWA TIMUR,SUMENEP,GILIGENTENG,350,50,50,250,275
JAWA TIMUR,SUMENEP,TALANGO,350,50,50,250,275
JAWA TIMUR,SUMENEP,KALIANGET,300,50,50,250,225
JAWA TIMUR,SUMENEP,KOTA SUMENEP,350,50,50,250,275
JAWA TIMUR,SUMENEP,BATUAN,350,50,50,250,275
JAWA TIMUR,SUMENEP,LENTENG,350,50,50,250,275
JAWA TIMUR,SUMENEP,GANDING,350,50,50,250,275
JAWA TIMUR,SUMENEP,GULUK GULUK,350,50,50,250,275
JAWA TIMUR,SUMENEP,PASONGSONGAN,300,50,100,250,225
JAWA TIMUR,SUMENEP,AMBUNTEN,350,50,100,250,275
JAWA TIMUR,SUMENEP,RUBARU,300,50,50,250,225
JAWA TIMUR,SUMENEP,DASUK,350,50,100,250,275
JAWA TIMUR,SUMENEP,MANDING,350,50,50,250,275
JAWA TIMUR,SUMENEP,BATUPUTIH,300,50,50,250,225
JAWA TIMUR,SUMENEP,GAPURA,350,50,50,250,275
JAWA TIMUR,SUMENEP,BATANG BATANG,300,50,50,250,225
JAWA TIMUR,SUMENEP,DUNGKEK,300,50,50,250,225
JAWA TIMUR,SUMENEP,NONGGUNONG,300,50,50,250,225
JAWA TIMUR,SUMENEP,GAYAM,300,50,50,250,225
JAWA TIMUR,SUMENEP,RAAS,300,50,50,250,225
JAWA TIMUR,SUMENEP,SAPEKEN,300,50,50,250,225
JAWA TIMUR,SUMENEP,ARJASA,350,50,50,250,275
JAWA TIMUR,SUMENEP,KANGAYAN,300,50,50,250,225
JAWA TIMUR,SUMENEP,MASALEMBU,300,50,50,250,225
JAWA TIMUR,KOTA KEDIRI,MOJOROTO,350,50,100,250,275
JAWA TIMUR,KOTA KEDIRI,KOTA KEDIRI,350,50,50,250,275
JAWA TIMUR,KOTA KEDIRI,PESANTREN,350,50,50,250,275
JAWA TIMUR,KOTA KEDIRI,SUKOREJO,350,50,50,250,275
JAWA TIMUR,KOTA KEDIRI,KEPANJENKIDUL,350,50,50,250,275
JAWA TIMUR,KOTA KEDIRI,SANANWETAN,350,50,50,250,275
JAWA TIMUR,KOTA MALANG,KEDUNGKANDANG,350,50,50,250,275
JAWA TIMUR,KOTA MALANG,SUKUN,350,50,50,250,275
JAWA TIMUR,KOTA MALANG,KLOJEN,350,50,50,250,275
JAWA TIMUR,KOTA MALANG,BLIMBING,350,50,50,250,275
JAWA TIMUR,KOTA MALANG,LOWOKWARU,350,50,50,250,275
JAWA TIMUR,KOTA PROBOLINGGO,KADEMANGAN,350,50,50,250,275
JAWA TIMUR,KOTA PROBOLINGGO,KEDOPOK,350,50,50,250,275
JAWA TIMUR,KOTA PROBOLINGGO,WONOASIH,350,50,50,250,275
JAWA TIMUR,KOTA PROBOLINGGO,MAYANGAN,350,50,50,250,275
JAWA TIMUR,KOTA PROBOLINGGO,KANIGARAN,350,50,50,250,275
JAWA TIMUR,KOTA PASURUAN,GADINGREJO,300,50,50,250,225
JAWA TIMUR,KOTA PASURUAN,PURWOREJO,300,50,50,250,225
JAWA TIMUR,KOTA PASURUAN,BUGUL KIDUL,300,50,50,250,225
JAWA TIMUR,KOTA PASURUAN,PANGGUNGREJO,300,50,50,250,225
JAWA TIMUR,KOTA MOJOKERTO,KRANGGAN,350,50,50,250,275
JAWA TIMUR,KOTA MOJOKERTO,PRAJURIT KULON,350,50,50,250,275
JAWA TIMUR,KOTA MOJOKERTO,MAGERSARI,350,50,50,250,275
JAWA TIMUR,KOTA MADIUN,MANGUNHARJO,350,50,50,250,275
JAWA TIMUR,KOTA MADIUN,TAMAN,350,50,100,250,275
JAWA TIMUR,KOTA MADIUN,KARTOHARJO,350,50,100,250,275
JAWA TIMUR,KOTA SURABAYA,KARANG PILANG,300,50,100,250,225
JAWA TIMUR,KOTA SURABAYA,JAMBANGAN,300,50,50,250,225
JAWA TIMUR,KOTA SURABAYA,GAYUNGAN,300,50,50,250,225
JAWA TIMUR,KOTA SURABAYA,WONOCOLO,300,50,50,250,225
JAWA TIMUR,KOTA SURABAYA,TENGGILIS MEJOYO,300,50,50,250,225
JAWA TIMUR,KOTA SURABAYA,GUNUNG ANYAR,300,50,50,250,225
JAWA TIMUR,KOTA SURABAYA,RUNGKUT,300,50,50,250,225
JAWA TIMUR,KOTA SURABAYA,SUKOLILO,300,50,50,250,225
JAWA TIMUR,KOTA SURABAYA,MULYOREJO,300,50,50,250,225
JAWA TIMUR,KOTA SURABAYA,GUBENG,300,50,50,250,225
JAWA TIMUR,KOTA SURABAYA,WONOKROMO,300,50,50,250,225
JAWA TIMUR,KOTA SURABAYA,DUKUH PAKIS,300,50,50,250,225
JAWA TIMUR,KOTA SURABAYA,WIYUNG,300,50,50,250,225
JAWA TIMUR,KOTA SURABAYA,LAKARSANTRI,300,50,50,250,225
JAWA TIMUR,KOTA SURABAYA,SAMBIKEREP,300,50,100,250,225
JAWA TIMUR,KOTA SURABAYA,TANDES,300,50,50,250,225
JAWA TIMUR,KOTA SURABAYA,SUKO MANUNGGAL,300,50,50,250,225
JAWA TIMUR,KOTA SURABAYA,SAWAHAN,300,50,50,250,225
JAWA TIMUR,KOTA SURABAYA,TEGALSARI,300,50,50,250,225
JAWA TIMUR,KOTA SURABAYA,GENTENG,300,50,50,250,225
JAWA TIMUR,KOTA SURABAYA,TAMBAKSARI,300,50,50,250,225
JAWA TIMUR,KOTA SURABAYA,KENJERAN,300,50,50,250,225
JAWA TIMUR,KOTA SURABAYA,BULAK,300,50,50,250,225
JAWA TIMUR,KOTA SURABAYA,SIMOKERTO,300,50,50,250,225
JAWA TIMUR,KOTA SURABAYA,SEMAMPIR,300,50,50,250,225
JAWA TIMUR,KOTA SURABAYA,PABEAN CANTIAN,300,50,50,250,225
JAWA TIMUR,KOTA SURABAYA,BUBUTAN,300,50,50,250,225
JAWA TIMUR,KOTA SURABAYA,KREMBANGAN,300,50,50,250,225
JAWA TIMUR,KOTA SURABAYA,ASEMROWO,300,50,50,250,225
JAWA TIMUR,KOTA SURABAYA,BENOWO,300,50,50,250,225
JAWA TIMUR,KOTA SURABAYA,PAKAL,300,50,50,250,225
JAWA TIMUR,KOTA BATU,BATU,350,50,50,250,275
JAWA TIMUR,KOTA BATU,JUNREJO,350,50,50,250,275
JAWA TIMUR,KOTA BATU,BUMIAJI,350,50,50,250,275