Kategori,Nama Varietas,Nomor Seleksi,Asal Seleksi,Umur Tanaman,Bentuk Tanaman,Tinggi Tanaman,Daun Bendera,Bentuk Gabah,Warna Gabah,Kerontokan,Kerebahan,Tekstur Nasi,Kadar Amilosa,Berat 1000 Butir,Rata-rata Hasil,Potensi Hasil,Ketahanan Hama,Ketahanan Penyakit,Anjuran Tanam,Tahun Dilepas
Padi Sawah,CIHERANG,S3383-1d-Pn-41-3-1,IR18349-53-1-3-1-3/2*IR19661-131-3-1//2*IR64,116-125 hari,Tegak,107-115 cm,Tegak,Panjang ramping,Kuning bersih,Sedang,Sedang,Pulen,23%,27-28 gram,5-7 t/ha,-,Tahan terhadap wereng batang coklat biotipe 2 dan 3,Tahan terhadap hawar daun bakteri patotipe III dan IV,Baik ditanam pada musim penghujan dan kemarau dengan ketinggian dibawah 500 mdpl,2000
Padi Sawah,MEKONGGA,S4663-5d-Kn-5-3-3,A2790/2*IR64,116-125 hari,Tegak,91-106 cm,Tegak,Ramping panjang,Kuning bersih,Sedang,-,Pulen,23%,27-28 gram,6 t/ha GKG,-,Agak tahan terhadap wereng batang coklat biotipe 2 dan 3,Agak tahan terhadap hawar daun bakteri patotipe IV,Baik ditanam di sawah dataran rendah sampai ketinggian 500 m dpl,2004
Padi Sawah,INPARI 1,BP23F-PN-11,IR64/IRBB-7//IR64,108 hari,Tegak,93 cm,Tegak,Ramping,Kuning Bersih,Sedang,Tahan,Pulen,22%,27 gram,"7,3 t/ha GKG",-,"Tahan terhadap wereng batang coklat biotipe 2, agak tahan terhadap biotipe 3","Tahan terhadap hawar daun bakteri patotipe III, IV, dan VIII",Baik ditanam pada lahan sawah dataran rendah sampai dengan ketinggian 500 mdpl,2008
Padi Sawah,INPARI 2,BP1356-1G-KN-4,Tajum/ Maros//Tajum,115 hari,Tegak,85-95 cm,Tegak,Ramping,Kuning jerami dengan garis-garis coklat,Sedang,Sedang,Pulen,"18,55%",27-28 gram,"5,83 t/ha","7,30 t/ha","Agak tahan terhadap hama wereng batang coklat biotipe 1,2 dan 3","Agak tahan terhadap hawar daun bakteri patotipe III, agak rentan terhadap patotipe IV dan VIII, aga tahan penyakit tungro 013 dan 031, rentan terhadap penyakit tungro 073",Cocok ditanam diekosistem sawah dataran rendah sampai ketinggian 600 mdpl,2008
Padi Sawah,INPARI 3,BP3448E-4-2,Digul/BPT164C-68-7-2,110 hari,Sedang,95-100 cm,Tegak,Panjang ramping,Kuning bersih,Sedang,Sedang,Pulen,"20,57%",24 gram,"6,05 t/ha","7,52 t/ha",Agak tahan terhadap wereng coklat biotipe 1 dan 2 dan agak rentan terhadap biotipe 3,"Agak tahan terhadap hawar daun bakteri patotipe III, agak rentan terhadap hawar daun bakteri patotipe IV dan VIII, agak tahan penyakit tungro inokulum variasi 073, 013 dan 031",Cocok ditanam dilahan irigasi dengan ketinggian sampai 600 mdpl,2008
Padi Sawah,INPARI 4,BP2280-1E-12-2,S4384F-14-1/Way Apo Buru/S4384F-14-1,115 hari,Sedang,95-105 cm,Tegak,Panjang ramping,Kuning bersih,Sedang,Sedang,Pulen,"21,07%",25 gram,"6,04 t/ha","8,80 t/ha","Agak rentan terhadap wereng batang coklat biotipe 1, 2, dan 3","Agak tahan terhadap hawar daun bakteri patotipe III dan IV serta agak rentan terhadap hawar daun bakteri patotipe VIII, agak tahan penyakit tungro inokulum variasi 013, rentan terhadap penyakit virus tungro inokulum varian 073 dan 031",Cocok ditanam dilahan irigasi dengan ketinggian sampai dengan 600 mdpl,2008
Padi Sawah,INPARI 5 MERAWU,IR65600-21-2-2,SHEN NUNG 89-366/ Ketan Lumbu,115 hari,Sedang,100-105 cm,Tegak,Panjang dan agak gemuk,Kuning bersih,Sedang,Sedang,Pulen,"23,91%","27,41 gram","5,74 t/ha","7,20 t/ha","Agak tahan terhadap WBC biotipe 1, 2, dan 3","Agak tahan terhadap HDB patotipe III, agak rentan terhadap strain IV dan VIII, rentan terhadap tungro inokulum varian No. 073, agak tahan terhadap tungro inokulum varian No. 031 dan 013",Cocok untuk ditanam diekosistem sawah sampai dengan ketinggian 600 mdpl,2008
Padi Sawah,INPARI 6 JETE,BP205D-KN-78-1-8,Dakava line 85/ Memberamo,118 hari,Tegak,100 cm,Tegak,Sedang Ramping,Kuning,Sedang,Tahan,Sangat Pulen,18%,28 gram,"7,82 t/ha GKG","8,60 t/ha GKG; 12 t/ha GKG",Tahan terhadap hama wereng batang cokelat biotipe 2 dan 3,"Tahan terhadap hawar daun bakteri patotipe III, IV, dan VIII",Cocok ditanam disawah dataran rendah sampai sedang 600 mdpl),2008
Padi Sawah,INPARI 7 LANRANG,RUTTST96B-15-1-2-2-2-1,S3054-2D-12-2/Utri Merah-2,110-115 hari,Tegak,104 cm,Tegak,"Panjang (P=7,1mm, L=2,2 mm, P/L=3,2 mm)",Kuning bersih,Sedang,-,Pulen,"20,78%","26,6 gram","6,2 t/ha GKG","8,7 t/ha GKG","Agak rentan terhadap wereng batang coklat biotipe 1, 2, dan 3","Agak tahan terhadap hawar daun bakteri patotipe III dan IV, agak rentan terhadap ras VIII serta agak tahan terhadap tungro inokulum varian 013, rentan terhadap tungro inokulum varian 073 dan 031",Cocok ditanam disawah dataran rendah sampai ketinggian 600 mdpl,2009
Padi Sawah,INPARI 8,IR73012-15-2-2-1,IR68064-18-1-1-2-2/ IR61979-138-1-3-2-2,125 hari,Tegak,105 cm,Tegak,"Panjang dan ramping (P=6,8 mm, L=2,1 mm, P/L=3,2 mm)",Kuning bersih,Sedang,-,Pulen,21%,"25,3 gram","6,3 t/ha","9,9 t/ha GKG","Agak rentan terhadap wereng batang cokelat biotipe 1, 2, dan 3","Agak tahan terhadap hawar daun bakteri patotipe III, agak rentan terhadap patotipe IV dan VIII, tahan terhadap tungro inokulum varian 013 dan 031. Agak tahan terhadap tungro inokulum varian 073",Cocok ditanam dilahan irigasi dengan ketinggian sampai dengan 600 mdpl,2009
Padi Sawah,INPARI 9 ELO,IR73005-69-1-1-2,IR65469-161-2-2-2-3-2-2/ IR61979-138-1-3-2-2,125 hari,Tegak,113 cm,Tegak,"Panjang dan ramping (P=6,8 mm, L=2,1 mm, P/L=3,3 mm)",Kuning bersih,Sedang,-,Pulen,"20,46%","25,6 gram","6,4 t/ha GKG","9,3 t/ha GKG","Agak rentan terhadap wereng batang coklat biotipe 1, 2, dan 3","Agak tahan terhadap hawar daun bakteri patotipeIII, agak rentan terhadap strain IV dan VIII, tahan terhadap tungro inokulum varian 013. Agak tahan terhadap tungro inokulum varian 073 dan 031",Cocok ditanam dilahan irigasi dengan ketinggian sampai dengan 600 mdpl,2009
Padi Sawah,INPARI 10 LAEYA,S3382-2d-Pn-4-1,S487b-5/2*IR19661// 2*IR64,112 hari,Tegak,110 cm,Tegak,"Panjang dan ramping (P=8,6mm, L=2,3 mm, P/L=3,9 mm)",Kuning bersih,Sedang,Tahan,Pulen,22%,"27,7 gram","4,8 t/ha GKG kadar air 14%","7,0 t/ha GKG kadar air 14%",Agak tahan terhadap wereng batang cokelat biotipe 1 dan 2,"Agak tahan terhadap hawar daun bakteri patotipe III, agak rentan patotipe IV, rentan terhadap tungro inokulum varian 013, 031, dan 131","Dapat ditanam pada musim hujan dan kemarau, cocok dilahan sawah dengan sistem irigasi berselang 5-7 hari sekali",2009
Padi Sawah,INPARI 11,BP1178-2F-26,Cisadane/ IR54742-1-19-11-8,105 hari,Tegak,106 cm,Tegak,Ramping,Kuning bersih,Sedang,Sedang,Pulen,"21,4%",27 gram,"6,5 t/ha GKG","8,8 t/ha GKG","Agak rentan terhadap wereng batang coklat biotipe 1 dan 2, rentan biotipe 3","Tahan terhadap hawar daun bakteri patotipe III, agak tahan terhadap patotipe IV dan VIII, tahan terhadap blas ras 033 dan 133, rentan terhadap ras 073 dan 173, rentan terhadap tungro",Cocok untuk ditanam disawah tadah hujan dataran rendah sampai ketinggian 600 mdpl,2010
Padi Sawah,INPARI 12,OM2395 (Introduksi),IR63356-SEL/TN1,99 hari,Tegak,99 cm,Tegak,Ramping,Kuning bersih,Sedang,Sedang,Pera,"26,4%",27 gram,"5,2 t/ha GKG","8,0 t/ha GKG","Agak tahan terhadap wereng batang coklat biotipe 1 dan 2, agak rentan terhadap biotipe 3","Agak rentan terhadap hawar daun bakteri patotipe III, IV, dan VII, tahan terhadap blas ras 033, agak tahan terhadap ras 133 dan 073, rentan terhadap tungro",Cocok ditanam diekosistem sawah tadah hujan dataran rendah sampai ketinggian 600 mdpl,2010
Padi Sawah,INPARI 13,OM1490 (Introduksi),OM606/IR18348-36-3-3,99 hari,Tegak,102 cm,Tegak,Panjang ramping,Kuning bersih,Sedang,Sedang,Pulen,"22,40%","25,2 gram","6,6 t/ha GKG","8,0 t/ha GKG","Tahan terhadap wereng batang coklat biotipe 1, 2, dan 3","Agak rentan terhadap hawar daun bakteri patotipe III, IV, dan VIII, tahan terhadap blas ras 033, agak tahan terhadap ras 133, 073, dan 173, rentan terhadap tungro",Cocok ditanam diekosistem sawah tadah hujan dataran rendah sampai ketinggian 600 m dpl.,2010
Padi Sawah,INPARI 14 PAKUAN,BP3308B-2E-5-B*4,Cipeundeuy C/Carreon//Wae Apo Buru///IR64,113 hari setelah sebar,Tegak,103 cm,Tegak,Ramping,Kuning bersih,Sedang,Toleran,Pulen,"22,5%","25,9 gram","6,6 t/ha GKG","8,2 t/ha GKG","Agak rentan terhadap wereng batang coklat biotipe 1 dan 2, rentan terhadap biotipe 3","Agak tahan terhadap hawar daun bakteri patotipe III, rentan terhadap hawar daun bakteri patotipe IV, agak rentan terhadap patotipe VIII, agak tahan terhadap blas ras 033 dan 133, rentan terhadap ras 073, dan 173, dan rentan terhadap tungro",Cocok ditanam di ekosistem sawah tadah hujan dataran rendah sampai ketinggian 600 mdpl,2011
Padi Sawah,INPARI 15 PARAHYANGAN,BP3244-2E-8-8-3-3-1*B,TB168E-TB4-0-1-/ Widas// IR64,117 hari setelah sebar,Tegak,105 cm,Tegak,Ramping,Kuning bersih,Sedang,Toleran,Pulen,"20,7%","26,5 gram","6,1 t/ha GKG","7,5 t/ha GKG","Agak tahan terhadap wereng batang coklat biotipe 1, agak rentan terhadap biotipe 2, serta rentan terhadap biotipe 3","Agak tahan terhadap hawar daun bakteri patotipe III, agak rentan terhadap patotipe IV dan VIII, tahan terhadap blas ras 033, agak tahan terhadap ras 133 dan 073, rentan terhadap ras 173, serta rentan terhadap tungro",Cocok ditanam di ekosistem sawah tadah hujan dataran rendah sampai ketinggian 600 mdpl,2011
Padi Sawah,INPARI 16 PASUNDAN,BP3412-2E-12-3-3-1*B,Ciherang/ Cisadane// Ciherang,118 hari setelah sebar,Tegak,102 cm,Tegak,Ramping,Kuning bersih,Sedang,Toleran,Pulen,"22,7%","25,9 gram","6,3 t/ha GKG","7,6 t/ha GKG","Agak rentan wereng batang coklat biotipe 1, 2 dan rentan biotipe 3","Tahan terhadap hawar daun bakteri patotipe III, agak rentan patotipe IV dan VIII, tahan penyakit blas ras 033, agak tahan ras 073, rentan ras 133 dan 173, serta rentan virus tungro",Cocok ditanam di ekosistem sawah tadah hujan dataran rendah sampai ketinggian 600 mdpl,2011
Padi Sawah,INPARI 17,B10531E-KN-15-2-0-LR-B378-2,Bio9-MR-V3-11-PN-5// IR64*3/IRBB21,111 hari setelah sebar,Tegak,105 cm,Tegak,Ramping,Kuning,Sedang,Toleran,Pera,26%,25 gram,"6,2 t/ha GKG","7,9 t/ha GKG","Agak tahan terhadap wereng batang cokelat biotipe 1 dan 2, rentan terhadap biotipe 3","Tahan terhadap hawar daun bakteri patotipe III, IV, dan VIII, tahan terhadap blas ras 033 dan 133, agak tahan terhadap ras 073, rentan terhadap ras 173, rentan terhadap tungro",Cocok ditanam di ekosistem sawah dataran rendah sampai ketinggian 600 m dpl dan tidak dianjurkan ditanam didaerah endemik tungro,2011
Padi Sawah,INPARI 18,B10970C-MR-4-2-1-1-1-Si-3-2-4-1,BP364B-33-3-PN-5-1/ Bio530B-45-9-3-1,102 hari,Tegak,93 cm,Tegak,Panjang/ramping,Kuning,Sedang,Tahan,Pulen,"18,0%",29 gram,"6,7 t/ha GKG","9,5 t/ha GKG","Tahan terhadap wereng batang coklat biotipe 1 dan 2, agak tahan terhadap biotipe 3","Tahan terhadap hawar daun bakteri patotipe III, agak tahan terhadap patotipe IV, rentan terhadap patotipe VIII",Cocok ditanam dilahan irigasi dan tadah hujan dengan ketinggian 0-600 mdpl,2011
Padi Sawah,INPARI 19,B11283-6C-PN-5-MR-2-3-Si-1-2-1-1,BP342B-MR-1-3/ BP226E-MR-76,104 hari,Tegak,102 cm,Tegak,Panjang/ramping,Kuning,Sedang,Tahan,Pulen,"18,0%",25 gram,"6,7 t/ha GKG","9,5 t/ha GKG","Tahan terhadap wereng batang coklat biotipe 1 dan 2, agak tahan terhadap biotipe 3","Tahan terhadap hawar daun bakteri patotipe III, agak tahan terhadap patotipe IV, rentan terhadap patotipe VIII",Cocok untuk ditanam dilahan irigasi dan tadah hujan dengan ketinggian 0-600 mdpl,2011
Padi Sawah,INPARI 20,BP2080-2E-KN-6-1,S2823E-KN-33/ IR64// S282E-KN-33,104 hari,Tegak,102 cm,Tegak,Ramping,Kuning bersih,Mudah,Toleran,Pulen,"21,1%","25,6 gram","6,4 t/ha GKG","8,8 t/ha GKG","Agak tahan terhadap wereng batang coklat biotipe 1, agak rentan terhadap biotipe 2 dan 3","Tahan terhadap hawar daun bakteri patotipe III, agak rentan terhadap patotipe IV dan VIII, rentan terhadap tungro, agak tahan terhadap blas ras 033, rentan terhadap ras 133, 073 dan 173",Cocok untuk ditanam diekosistem sawah dataran rendah sampai ketinggian 600 m dpl dan tidak dianjurkan ditanam di daerah endemik tungro,2011
Padi Sawah,INPARI SIDENUK,OBS1703-PSJ,"Diah Suci diradiasi sinar gamma dengan dosis 0,20 kGy dari 60 Co",103 hari,Tegak,104 cm,Tegak,Ramping,Kuning bersih,Sedang,Tahan,Pulen,"20,6%","25,9 gram","6,9 t/ha GKG","9,1 t/ha GKG","Agak tahan wereng batang coklat biotipe 1,2, dan 3","Agak tahan penyakit hawar daun bakteri patotipe III, rentan patotipe IV, agak rentan patotipe VIII, rentan tungro serta rentan semua ras blas",Cocok untuk ditanam diekosistem sawah dataran rendah sampai ketinggian 600 m dpl dan tidak dianjurkan ditanam didaerah endemik tungro dan blas,2011
Padi Sawah,INPARI 21 BATIPUAH,BP1804-1f-7,Sitali/ S3383-1d-Pn-16-2/S969B-265-1-4-1,120 hari setelah sebar,Sedang,96 cm,Agak tegak,Sedang dan agak bulat,Kuning bersih,Sedang,Toleran,Pera,26%,"25,9 gram","5,4 t/ha GKG","8,2 t/ha GKG","Agak rentan terhadap wereng batang coklat biotipe 1 dan 2, rentan biotipe 3","Tahan terhadap hawar daun bakteri patotipe III, agak rentan terhadap patotipe IV dan VIII, tahan terhadap blas ras 033, agak tahan terhadap ras 133 dan 073, rentan terhadap ras 173, rentan terhadap tungro",Cocok ditanam di ekosistem sawah sampai ketinggian 600 mdpl,2012
Padi Sawah,INPARI 22,BP3300-2C-2-3,IR42/IRBB5// CIHERANG/// TOWUTI,118 hari setelah sebar,Tegak,103 cm,Tegak,Panjang,Kuning bersih,Sedang,Toleran,Pulen,"21,9%","26,4 gram","5,8 t/ha GKG","7,9 t/ha GKG","Agak tahan terhadap wereng batang cokelat biotipe 1, 2, dan 3","Tahan terhadap hawar daun bakteri patotipe III, rentan terhadap patotipe IV dan VIII, tahan terhadap blas ras 033 dan 133, agak tahan terhadap ras 073 dan 137, rentan terhadap tungro",Cocok ditanam disawah dataran rendah (0-600 m dpl) dan tidak dianjurkan ditanam didaerah endemik tungro,2012
Padi Sawah,INPARI 23 BANTUL,B11955-MR-84-1-4,B11738RS(Gilirang/ BP342F-MR-1-3//Gilirang),113 hari setelah sebar,Tegak,112 cm,Tegak,Gemuk/lonjong,Kuning,Sedang,Tahan,Pulen (Wangi Pandan),17%,26 gram,"6,9 t/ha GKG","9,2 t/ha GKG","Tahan terhadap wereng batang coklat biotipe 1, agak tahan biotipe 2 dan 3","Tahan terhadap hawar daun bakteri patotipe III, agak tahan terhadap patotipe IV, rentan terhadap patotipe VIII",Baik ditanam disawah dataran rendah sampai sedang (0-600 mdpl),2012
Padi Sawah,INPARI 24 GABUSAN,B11844-MR-7-17-3,Bio 12 MR-1-4-PN-6/ Beras Merah,111 hari,Tegak,106 cm,Tegak,Ramping,Kuning,Sedang,Tahan,Pulen,18%,26 gram,"6,7 t/ha","7,7 t/ha","Agak rentan terhadap wereng batang cokelat biotipe 1, 2, dan 3","Tahan terhadap hawar daun bakteri patotipe III, agak tahan terhadap patotipe IV, agak rentan terhadap patotipe VIII",Baik ditanam disawah dataran rendah-sedang (0-600 m dpl),2012
Padi Sawah,INPARI 25 OPAK JAYA,BP1002E-MR-2,BIO 530C-MR-1/ IRBB 21,115 hari,Tegak,115 cm,Tegak,Ramping,Kuning,Sedang,Tahan,Ketan Merah,"5,7%",24 gram,"7,0 t/ha GKG","9,4 t/ha GKG",Agak tahan terhadap wereng batang cokelat biotipe 1. Agak rentan terhadap biotipe 2 dan 3,"Tahan terhadap hawar daun bakteri patotipe III, agak tahan terhadap patotipe IV dan VIII",Baik ditanam disawah dataran rendah-sedang (0-600 mdpl),2012
Padi Sawah,INPARI 26,BARKAT (K78-13) - KN-B,Introduksi dari IRRI (SNINEI/CHINA 971),124 hari setelah sebar,Tegak,80 cm,Tegak,Ramping,Kuning bersih,Sedang,Toleran,Pulen,"20,9%","26,5 gram","5,7 t/ha GKG","7,9 t/ha GKG","Agak rentan terhadap wereng batang cokelat biotipe 1, 2, dan 3","Tahan terhadap hawar daun bakteri patotipe III. Agak rentan terhadap patotipe IV dan VIII. Tahan terhadap blas ras 033, agak tahan terhadap ras 073 dan 173, rentan terhadap ras 133. Rentan terhadap tungro",Cocok untuk ditanam di ekosistem sawah dataran tinggi sampai ketinggian 900 mdpl.,2012
Padi Sawah,INPARI 27,87025-TR973-3-1-1-KN-B,Introduksi dari IRRI (BALDO/7904-TR4-4-2-1-1),125 hari setelah sebar,Tegak,81 cm,Tegak,Ramping,Kuning bersih,Sedang,Toleran,Pulen,"21,8%","26,7 gram","5,7 t/ha GKG","7,6 t/ha GKG",Agak rentan terhadap wereng batang cokelat biotipe 1 dan 2. Rentan terhadap biotipe 3,"Tahan terhadap hawar daun bakteri patotipe III, agak rentan terhadap patotipe IV dan VIII, tahan terhadap blas ras 073. Agak tahan terhadap ras 173. Rentan terhadap ras 033 dan 133, rentan terhadap tungro",Cocok untuk ditanam di ekosistem sawah sampai ketinggian 900 mdpl,2012
Padi Sawah,INPARI 28 KERINCI,RUTTST85B-5-2-2-2-0-J,IR 63872-14-2-2-1/CEA-1,120 hari setelah sebar,Tegak,97 cm,Tegak,Ramping,Kuning bersih,Sedang,Toleran,Pulen,"23,7%","27,4 gram","6,6 t/ha GKG","9,5 t/ha GKG","Agak rentan terhadap wereng batang cokelat biotipe 1, 2, dan 3",Tahan terhadap hawar daun bakteri patotipe III. Agak rentan terhadap patotipe IV dan VIII. Agak tahan terhadap blas ras 033 dan 073. Rentan terhadap ras 133 dan 173. Rentan terhadap tungro,Cocok untuk ditanam di ekosistem sawah sampai ketinggian 1100 mdpl,2012
Padi Sawah,INPARI 29 RENDAMAN,B13138-7-MR-2-KA-1,IR69502-6-SKN-UBN-1-B-1-3/ KAL9418F// Pokhali/ Angke,110 hari setelah semai,Tegak,103 cm,Tegak,Panjang ramping,Kuning bersih,Sedang,Sedang,Pulen,"21,1%",25 gram,"6,5 t/ha","9,5 t/ha","Agak rentan terhadap wereng batang cokelat biotipe 1, rentan terhadap biotipe 2 dan 3","Agak rentan terhadap hawar daun bakteri patotipe III, rentan terhadap patotipe IV dan VIII",Baik ditanam disawah irigasi dataran rendah sampai ketinggian 400 m dpl terutama didaerah rawan banjir dengan rendaman keseluruhan fase vegetatif selama lebih dari 14 hari,2012
Padi Sawah,INPARI 30 CIHERANG SUB 1,IR09F436,Ciherang/IR64Sub1//Ciherang,111 hari setelah semai,Tegak,101 cm,Tegak,Panjang ramping,Kuning bersih,Sedang,Sedang,Pulen,"22,4%",27 gram,"7,2 t/ha","9,6 t/ha",Agak rentan terhadap wereng batang cokelat biotipe 1 dan 2. Rentan terhadap biotipe 3,Agak rentan terhadap hawar daun bakteri patotipe III. Rentan terhadap patotipe IV dan VIII,"Cocok ditanam disawah irigasi dataran rendah sampai ketinggian 400 mdpl didaerah luapan sungai, cekungan, dan rawan banjir lainnya dengan rendaman keseluruhan fase vegetative selama 15 hari",2012
Padi Sawah,INPARI 31,B12743-MR-18-2-3-8,Pepe/BP342B-MR-1-3-KN-1-2-3-6-MR-3-BT-1,119 hari setelah sebar,Tegak,104 cm,Tegak,"Panjang, ujung gabah kadang berbulu pendek",Kuning bersih,Sedang,Tahan,Pulen,"21,1%","24,5 gram","6,0 t/ha GKG","8,5 t/ha GKG","Tahan terhadap wereng batang coklat biotipe 1, 2, dan 3","Tahan terhadap hawar daun bakteri patotipe III, agak tahan patotipe IV dan VIII. Tahan blas ras 033, agak tahan ras 133, rentan blas ras 073 dan ras 173, serta tahan tungro ras Lanrang",Cocok untuk ditanam disawah irigasi dataran rendah sampai ketinggian 600 mdpl,2013
Padi Sawah,INPARI 32 HDB,BP10620F-BB4-15-BB8,Ciherang/IRBB64,120 hari setelah sebar,Tegak,97 cm,Tegak,Medium,Kuning bersih,Sedang,Agak tahan,Sedang,"23,46%","27,1 gram","6,30 t/ha GKG","8,42 t/ha GKG","Agak rentan terhadap wereng batang cokelat biotipe 1, 2, dan 3","Tahan terhadap hawar daun bakteri patotipe III, agak tahan patotipe IV dan VIII. Tahan blas ras 033, agak tahan ras 073, rentan terhadap blas ras 133 dan 173 serta agak tahan tungro ras Lanrang",Cocok ditanam diekosistem sawah dataran rendah sampai ketinggian 600 mdpl,2013
Padi Sawah,INPARI 33,B11742-RS*2-3-MR-5-5-1-Si-1-3,BP360E-MR-79-PN-2/IR71218-38-4-3//BP360E-MR-79-PN-2,107 hari setelah sebar,Tegak,93 cm,Tegak,Panjang ramping,Kuning bersih,Sedang,Agak tahan,Sedang,"23,42%","28,6 gram","6,6 t/ha GKG","9,8 t/ha GKG","Tahan terhadap wereng batang coklat biotipe 1, 2, dan 3","Tahan terhadap hawar daun bakteri patotipe III, rentan terhadap patotipe IV, agak tahan patotipe VIII. Agak tahan blas ras 033, tahan ras 073, rentan blas ras 133 dan 173, serta rentan tungro",Cocok ditanam diekosistem sawah dataran rendah sampai ketinggian 600 mdpl,2013
Padi Sawah,INPARI 34 SALIN AGRITAN,IR78788-B-B-10-1-2-4-AJY1,BR41XIR61920-3B-22-2,102 hari setelah sebar,Tegak,107 cm,Tegak,Panjang ramping,Kuning bersih,Sedang,Agak tahan,Agak pera,"22,8%","24,9 gram","5,1 t/ha GKG","8,1 t/ha GKG","Agak tahan terhadap WBC biotipe 1, agak rentan terhadap WBC biotipe 2 dan 3","Agak tahan HDB patotipe III, rentan HDB patotipe IV dan agak rentan terhadap HDB patotipe VIII. Rentan terhadap virus tungro ras dari Subang. Tahan terhadap penyakit blas ras 033 dan 173, agak tahan terhadap blas ras 073 serta rentan terhadap blas ras 133",Toleran salin pada fase bibit pada cekaman 12 dSm-1 serta cocok ditanam di lahan sawah dataran rendah sampai sedang (0-500 mdpl),2014
Padi Sawah,INPARI 35 SALIN AGRITAN,CSR90-IR-2,IR10206-29-21XSUAKOKO (SEL.),106 hari setelah sebar,Agak tegak,100 cm,Agak tegak,Panjang ramping,Kuning bersih,Sedang,Agak tahan,Agak pera,"24,0%","25,8 gram","5,3 t/ha GKG","8,3 t/ha GKG","Agak tahan terhadap wereng batang coklat biotipe 1, agak rentan terhadap wereng batang coklat biotipe 2 dan 3","Agak tahan terhadap HDB patotipe III, rentan terhadap hawar daun bakteri patotipe IV dan agak rentan terhadap hawar daun bakteri patotipe VIII. Rentan terhadap virus tungro ras dari Subang. Tahan terhadap penyakit blas ras 033, rentan terhadap blas ras 073,133,173",Toleran salin pada fase bibit pada cekaman 12 dSm-1 serta cocok ditanam di lahan sawah dataran rendah sampai sedang (0-500 mdpl),2014
Padi Sawah,INPARI 36 LANRANG,IR58773-35-3-1-2/IR65475-62-3-1-3-1-3-1,-,114 hari setelah sebar,Tegak,113 cm,Tegak,Ramping,Kuning bersih,Sedang,Toleran,Pulen,"20,7%","26,0 gram","6,7 t/ha GKG","10,0 t/ha GKG","Agak rentan terhadap wereng batang coklat biotipe 1 dan 2, rentan terhadap wereng batang coklat biotipe 3","Agak tahan hawar daun bakteri strain IV, rentan hawar daun bakteri strain III dan VIII. Tahan terhadap tungro varian 073. Tahan penyakit blas ras 033 dan ras 073, agak tahan blas ras 133 dan ras 173",Cocok ditanam di ekosistem sawah irigasi sampai ketinggian < 600 m dpl,2015
Padi Sawah,INPARI 37 LANRANG,BPT 145C-49-2-2-1-1,CT9162-12/Seratus Hari T36//Memberamo/Cibodas///Cibodas///IR66160-121-4-5-3/Membramo,114 hari setelah sebar,Agak tegak,111 cm,Tegak,Ramping,Kuning bersih,Sedang,Toleran,Pulen,"21,4%","25,0 gram","6,3 t/ha GKG","9,1 t/ha GKG","Agak rentan terhadap wereng batang coklat biotipe 1 dan 2, rentan terhadap wereng batang coklat biotipe 3","Agak tahan hawar daun bakteri strain III dan IV, agak rentan hawar daun bakteri strain VIII. Tahan terhadap tungro varian 073. Tahan penyakit blas ras 133 dan ras 173, agak tahan blas ras 073 dan ras 033",Cocok ditanam diekosistem sawah irigasi dataran rendah sampai ketinggian <600 mdpl,2015
Padi Sawah,INPARI UNSOED 79 AGRITAN,UNSOED 7 (PF 31),CISADANE X Atomita 2,109 hari setelah sebar,Tegak,105 cm,Tegak,Gemuk,Kuning bersih,Sedang,Agak tahan,Cukup pulen,"22,6%","25,2 gram","4,9 t/ha GKG","8,2 t/ha GKG","Agak rentan terhadap wereng batang coklat biotipe 1 dan 2, rentan terhadap wereng batang coklat biotipe 3","Agak tahan terhadap HDB patotipe III, agak rentan terhadap hawar daun bakteri patotipe IV dan VII. Rentan terhadap tungro ras Subang. Tahan terhadap blas ras 033, rentan terhadap blas ras 073, 133, dan 173",Toleran salin pada fase bibit pada cekaman 12 dSm-1 serta cocok ditanam dilahan sawah,2014
Padi Sawah,INPARI 38 TADAH HUJAN AGRITAN,B12497E-MR-45,IR68886B/BP68*10//Selegreng///Guarani/Asahan,115 hari setelah sebar,Tegak,94 cm,Tegak,Medium berbulu pendek,Kuning bersih,Sedang,Toleran,Pulen,"20,9 %","24,85 gram","5,71 t/ha GKG","8,16 t/ha GKG","Agak rentan terhadap wereng batang coklat biotipe 1 dan 2, 3","Agak tahan terhadap hawar daun bakteri strain III, rentan hawar daun bakteri strain IV dan VIII. Tahan terhadap penyakit blas 073, agak tahan blas ras 033, 133, dan 173. Rentan terhadap virus tungro",Agak toleran kekeringan serta cocok ditanam di daerah ekosistem sawah irigasi dan dataran rendah tadah hujan sampai ketinggian 600 mdpl,2015
Padi Sawah,INPARI 39 TADAH HUJAN AGRITAN,B12825E-TB-1-25,BP342B-MR-1-3/Dendang//IR69502-6SKM-UBN-1-B1,115 hari setelah sebar,Tegak,98 cm,Tegak,Medium,Kuning bersih,Sedang,Toleran,Pulen,"20,2%","26,85 gram","5,89 t/ha GKG","8,45 t/ha GKG","Agak rentan terhadap wereng batang coklat biotipe 1, 2, dan 3","Agak tahan hawar daun bakteri strain III, rentan hawar daun bakteri strain IV dan VIII. Tahan penyakit blas ras 073, ras 033, ras 133 dan ras 173. Rentan terhadap virus tungro",Agak toleran kekeringan serta cocok ditanam di daerah ekosistem sawah irigasi dan dataran rendah tadah hujan sampai ketinggian 600 mdpl,2015
Padi Sawah,INPARI 40 TADAH HUJAN AGRITAN,-,Introduksi dari IRRI (persilangan NSIC RC 138 dan IR 123),116 hari setelah sebar,Tegak,101 cm,Tegak,Ramping,Kuning jerami,Sedang,Sedang,Sedang,"23,6%","25,03 gram","5,79 t/ha GKG","9,60 t/ha GKG","Agak rentan terhadap wereng batang coklat biotipe 1 dan 2, 3","Agak tahan hawar daun bakteri strain III, agak rentan hawar daun bakteri strain IV dan VIII. Tahan penyakit blas ras 073",Agak toleran kekeringan serta cocok ditanam di daerah ekosistem sawah irigasi dan dataran rendah tadah hujan sampai ketinggian 600 mdpl,2015
Padi Sawah,INPARI 41 TADAH HUJAN AGRITAN,BP2836-3E-KN-11-2-1,Limboto/Towuti//Ciherang,114 hari setelah sebar,Tegak,95 cm,Agak Tegak,Ramping,Kuning jerami,Sedang,Toleran,Pulen,"20,1%","27,86 gram","5,57 t/ha GKG","7,83 t/ha GKG","Agak rentan terhadap wereng batang coklat biotipe 1, 2, dan 3","Agak tahan hawar daun bakteri strain III, rentan hawar daun bakteri strain IV dan VIII. Tahan penyakit blas ras 073, dan ras 033, agak tahan penyakit blas ras 133 dan ras 173. Rentan terhadap virus tungro",Agak peka terhadap kekeringan serta cocok ditanam di ekosistem sawah dataran rendah sampai ketinggian 600 mdpl,2015
Padi Sawah,INPARI 42 AGRITAN GSR,Introduksi (Huanghazhan),Huangxinzhan//Fenghuazhan,112 hari setelah semai,Tegak,93 cm,Tegak,Ramping,Kuning jerami,Medium,Tahan,Pulen,"18,84%","24,41 gram","7,11 t/ha GKG","10,58 t/ha GKG","Agak tahan terhadap wereng batang coklat biotipe 1, dan agak rentan terhadap biotipe 2 dan 3","Agak tahan terhadap hawar daun bakteri patotipe III, rentan strain IV, dan agak rentan strain VIII, tahan terhadap penyakit blas daun ras 073, agak tahan terhadap ras 033 dan rentan terhadap ras 133 dan 173",Anjuran tanam di lahan sawah dengan ketinggian 0-600 mdpl,2016
Padi Sawah,INPARI 43 AGRITAN GSR,Introduksi (Zhongzhu 14),WuFengZhan/IRBB5/WuFengZhan,111 hari setelah semai,Tegak,88 cm,Tegak,Ramping,Kuning jerami,Medium,Tahan,Pulen,"18,99%","23,74 gram","6,96 t/ha GKG","9,02 t/ha GKG","Agak rentan terhadap wereng batang coklat biotipe 1, 2, dan 3","Pada fase generatif tahan terhadap hawar daun bakteri patotipe III, agak tahan terhadap hawar daun bakteri patotipe IV dan VIII, tahan terhadap blas daun ras 073 dan 0133, agak tahan ras 033, dan rentan ras 173","Anjuran tanam pada lahan sawah subur dan kurang subur dengan ketinggian 0-600 mdpl, termasuk sawah daerah endemik hawar daun bakteri, dan blas",2016
Padi Sawah,INPARI 44 AGRITAN,IPPHTI-14,Kebo x Ciherang,114 hari setelah semai,Tegak,104 cm,Tegak,Ramping,Kuning jerami,Sedang,Sedang,Pera,"22,55%","25,65 gram","6,53 t/ha GKG","9,25 t/ha GKG","Agak rentan terhadap wereng batang coklat biotipe 1, 2, dan 3","Tahan hawar daun bakteri pada fase generatif untuk strain III, agak rentan terhadap strain IV, dan agak tahan terhadap strain VIII, rentan terhadap penyakit blas ras 033, 133, 073, dan 173, rentan terhadap virus tungro varian 033 dan 073",Pada lahan sawah beririgasi dengan ketinggian 600 mdpl,2016
Padi Sawah,TARABAS,-,Seleksi varietas lokal Tarabas,131 hari setelah sebar,Tegak,122 cm,Agak tegak,Agak bulat,Kuning jerami,Sedang,Sedang,Sangat pulen dan lengket,"17,73%","26,4 gram","4,10 t/ha GKG","5,38 t/ha GKG",Peka terhadap wereng coklat biotipe 1,"Rentan terhadap hawar daun bakteri strain III, sangat rentan hawar daun bakteri strain IV dan VIII, agak tahan penyakit tungro inokulum Purwakarta, rentan terhadap penyakit tungro inokulum Garut, agak tahan blas ras 033, dan 073, tahan blas ras 133 dan 173",Baik ditanam pada sawah irigasi pada dataran rendah sampai menengah,2017
Padi Sawah,MUNAWACITA AGRITAN,BP13816D-6-KLB-10-4-1*-B,"Varietas Kewal Balik Semah diradiasi sinar gamma dengan dosis 0,20 kGy dari Co60",123 hari setelah semai,Tegak,122 cm,Tegak,Agak bulat,Kuning jerami,Sedang,Agak rentan,Agak pulen,"19,17%","28,77 gram","6,03 t/ha GKG","9,74 t/ha GKG",Agak tahan wereng batang coklat biotipe 3,"Tahan terhadap penyakit HDB patotipe III, agak tahan terhadap hawar daun bakteri patotipe IV dan VIII, serta agak tahan penyakit blas ras 133",Baik ditanam pada lahan sawah dataran rendah sampai 600 mdpl,2017
Padi Sawah,MUSTABAN AGRITAN,-,"Varietas Kewal Arjuna diradiasi sinar gamma pada dosis 0,20 kGy dengan sumber Co60",118 hari setelah semai,Tegak,105 cm,Tegak,Ramping,Kuning bersih,Sedang,Tahan rebah,Pulen,"13,13%","27,17 gram","6,59 t/ha GKG","10,86 t/ha GKG",Agak tahan terhadap wereng batang coklat biotipe 3,"Tahan terhadap penyakit hawar daun bakteri patotipe III, agak tahan patotipe IV dan VIII. Agak tahan penyakit blas ras 033",Baik ditanam pada lahan sawah dataran rendah sampai 600 mdpl,2017
Padi Sawah,SILIWANGI AGRITAN,CRS1274,IR40750/OM1490,111 hari setelah semai,Tegak,111 cm,Tegak,Panjang ramping,Kuning bersih,Sedang,Tahan,Pulen,"21,2%","26,4 gram","7,4 t/ha GKG","10,7 t/ha GKG","Agak tahan wereng coklat biotipe 1,2, dan 3","Tahan terhadap hawar daun bakteri patotipe III, rentan hawar daun bakteri patotipe IV dan VIII, tahan terhadap blas ras 033, 073, dan 133",Baik ditanam pada lahan sawah irigasi dataran rendah sampai ketinggian 600 mdpl,2018
Padi Sawah,PADJADJARAN AGRITAN,BP19562B-WBC-1-7-1,Inpari 5/IR66,105 hari setelah semai,Agak tegak,97 cm,Agak tegak,Ramping,Kuning jerami,Sedang,Toleran,Pulen,"20,6%",26 gram,"7,8 t/ha GKG","11,0 t/ha GKG","Agak tahan terhadap wereng batang coklat biotipe 1, dan 2. Agak rentan wereng batang coklat biotipe 3","Agak tahan terhadap penyakit hawar daun bakteri strain III, rentan hawar daun bakteri strain IV dan VIII",Baik ditanam pada lahan sawah irigasi dataran rendah sampai 600 mdpl,2018
Padi Sawah,CAKRABUANA AGRITAN,BP17280M-27D-SKI-1-3-IND-1,"Iradiasi Sinar Gamma Co60 dosis 0,1 kGy terhadap Inpari 13",104 hari setelah semai,Tegak,105 cm,Tegak,Panjang ramping,Kuning bersih,Sedang,Sedang,Pulen,"22,0%","27,1 gram","7,5 t/ha GKG","10,2 t/ha GKG","Agak tahan wereng batang coklat biotipe 1, 2, dan 3","Agak tahan terhadap penyakit HDB strain III, rentan hawar daun bakteri strain IV dan VIII. Tahan penyakit blas ras 033, dan 173. Agak tahan penyakit tungro inoculum Purwakarta",Baik ditanam pada lahan sawah irigasi dataran rendah dan menengah sampai ketinggian 600 mdpl,2018
Padi Sawah,BAROMA,B13727C-MR-2-4-4-7-1,B10532E-KN-38-2-LR-B387-3/Pusa Basmati 5,113 hari setelah semai,Tegak,112 cm,Tegak,Ramping panjang,Kuning jerami,Sedang,Sedang,Pera,"25,55%","26,67 gram","6,01 t/ha GKG","9,18 t/ha GKG","Agak tahan WBC biotipe 1, agak rentan WBC biotipe 2 dan rentan WBC biotipe 3","Agak tahan HDB kelompok III, tahan HDB kelompok IV dan VIII. Agak tahan blas ras 033, rentan blas ras 133 dan 073, dan tahan blas ras 173. Agak rentan tungro",Baik ditanam untuk lahan sawah irigasi pada ketinggian 0-600 mdpl,2019
Padi Sawah,PAMELEN,B12344-3D-PN-37-6,IR64*2/O. rofipogon 102186,112 Hari setelah semai,Tegak,97 cm,Tegak,Ramping,Kuning jerami,Sedang,Toleran,Pulen,"18,6%","26,35 gram","6,73 t/ha GKG","11,91 t/ha GKG","Agak tahan WBC biotipe 1, agak rentan WBC biotipe 2 dan 3","Agak tahan HDB kelompok III, IV dan VIII. Tahan blas ras 033, agak tahan blas ras 133, 073 dan 173. Tahan tungro",Baik ditanam untuk lahan sawah irigasi pada ketinggian 0-600 mdpl,2019
Padi Sawah,PAMERA,B13840E-MR-39-2-3-1,Pusa Basmati 4/HB118( PN III)//Pusa Basmati 4/Pandan wangi Cianjur///Bahbutong,113 hari setelah semai,Tegak,106 cm,Tegak,Ramping,Kuning jerami,Sedang,Tahan rebah,Sedang,"21,1%","27,83 gram","6,43 t/ha GKG","11,33 t/ha GKG","Agak tahan WBC biotipe 1, 2, dan 3","Tahan HDB kelompok III dan VIII, agak tahan HDB kelompok IV. Tahan blas ras 033 dan 173, agak tahan blas ras 133 dan 073. Agak rentan tungro",Baik ditanam untuk lahan sawah irigasi pada ketinggian 0-600 mdpl,2019
Padi Sawah,PAKETIH,B13486D-4-1-PN-2-MR-3-1-11,Ketan Hitam/Pandan Wangi Cianjur,118 Hari setelah semai,Tegak,107 cm,Tegak,Ramping,Kuning jerami,Sedang,Tahan Rebah,Ketan,"4,4%","25,5 gram","6,32 t/ha GKG","9,46 t/ha GKG","Agak tahan WBC biotipe 1, agak rentan WBC biotipe 2 dan 3","Tahan HDB kelompok III, IV dan VIII. Tahan blas ras 073 dan 173, agak tahan blas ras 033 dan 133. Rentan tungro",Baik ditanam untuk lahan sawah irigasi pada ketinggian 0-600 mdp,2019
Padi Sawah,JELITENG,B13486D-4-1-PN-2-MR-3-3-3,Ketan Hitam/Pandan Wangi Cianjur,113 hari setelah semai,Tegak,106 cm,Tegak,Ramping,Kuning jerami,Sedang,Tahan rebah,Pulen,"19,6%","24,4 gram","6,18 t/ha GKG","9,87 t/ha GKG","Agak tahan WBC 1, agak rentan WBC 2 dan 3","Tahan HDB IV, agak tahan HDB III dan VIII. Tahan blas ras 033 dan 073, agak tahan blas ras 133 dan 073. Rentan tungro",Baik ditanam untuk lahan sawah irigasi pada ketinggian 0-600 mdpl,2019
Padi Sawah,INPARI IR NUTRI ZINC,IR97477-115-CRB-0-SKI-1-SKI-0-2,IR91153-AC 82/IR05F102//IR68144-2B-2-2-3-166///IRRI145,115 Hari setelah semai,Tegak,95 cm,Sedang,Ramping,Kuning jerami,Sedang,Sedang,Pulen,"16,60%","24,60 gram","6,21 t/ha GKG","9,98 t/ha GKG","Agak tahan WBC biotipe 1, 2, dan agak rentan WBC biotipe 3","Agak tahan HDB patotipe III, rentan patotipe IV dan VIII pada stadia vegetative dan generatif. Tahan blas ras 033, 073, 133, dan rentan blas 173. Agak tahan tungro inokulum garut dan Purwakarta",Baik ditanam untuk lahan sawah irigasi pada ketinggian 0-600 m dpl,2019
Padi Sawah,INPARI 45 DIRGAHAYU,BP14352E-1-2-30P-JK-IND,Cibogo/Ciherang,116 hari setelah semai,Tegak,120 cm,Tegak,Ramping,Kuning jerami,Sedang,Medium,Pulen,"12,40%","27,8 gram","7,1 t/ha GKG","9,5 t/ha GKG","Agak tahan WBC biotipe 1, 2, dan 3","Tahan HDB patotipe III dan VIII, agak rentan HDB patotipe IV. Rentan blas strain 033, 073, 133, dan 173. Agak tahan tungro inokulum Purwakarta dan rentan inokulum Garut",Cocok ditanam pada lahan sawah irigasi dataran rendah (0-600 mdpl),2019
Padi Sawah,MANTAP,BH125D-SKI-15-3-2-4,Bio 12/RHS412-1CX-20X-02H,116 hari setelah semai,Tegak,120 cm,Tegak,Ramping,Kuning,Sedang,Agak tahan,Pulen,"12,68%","27,2 gram","7,2 t/ha GKG","9,1 t/ha GKG","Agak tahan wereng coklat biotipe 1, 2, dan 3","Tahan terhadap HDB patotipe III dan VIII, agak rentan HDB patotipe IV, rentan terhadap blas ras 033, 073, 133, dan 173, agak tahan terhadap tungro inokulasi Garut dan Purwakarta",Dianjurkan ditanam mengikuti kaidah PTT pada lahan sawah irigasi,2019
Padi Sawah,INPARI 46 GSR TDH,HHZ5-DT1-DT1,Huanghuazhan/OM1723// Huanghuazhan,111 hari setelah semai,Tegak,"101,5 cm",Sedang,Ramping,Kuning jerami,Sedang,Sedang,Pulen,"17,46%","23,80 gram","6,74 t/ha GKG","9,08 t/ha GKG",Agak tahan terhadap WBC biotipe 1 dan agak rentan biotipe 2 dan biotipe 3,"Tahan terhadap HDB patotipe III dan agak tahan terhadap patotipe IV dan VIII, Tahan terhadap penyakit blas ras 133 dan agak tahan terhadap ras 033, 073, dan 173, rentan terhadap tungro inokulum Garut dan Purwakarta",Baik ditanam untuk lahan sawah tadah hujan pada ketinggian 0 - 600 mdpl,2019
Padi Sawah,INPARI DIGDAYA,PR40781b-SKI-9-1-SBY-0-CRB-0,Hanareumbyeo/Dular,119 hari setelah semai,Tegak,120 cm,Tegak,Ramping,Kuning jerami,Sedang,Sedang,Pulen,14.10%,26.60 gram,7.92 t/ha GKG,9.50 t/ha GKG,"Agak tahan terhadap wereng batang coklat biotipe 1, biotipe 2, dan biotipe 3",Agak tahan terhadap hawar daun bakteri patotipe III dan IV,Baik ditanam untuk lahan sawah irigasi pada ketinggian 0 - 600 mdpl,2019
Padi Sawah,CISAAT,B12743-MR-18-2-3-5-PN-5-2-2-4,Pepe/BP342B-1-3-KN-1-2-3-6-MR-3- BT-1,121 hari setelah semai,Tegak,116.71 cm,Tegak,Ramping,Kuning jerami,Sedang,Sedang,Pulen,15.73%,26.49 gram,6.38 t/ha GKG,9.33 t/ha GKG,Agak tahan terhadap wereng coklat biotipe 1 dan agak rentan terhadap biotipe 2 dan biotipe 3,"Agak tahan terhadap HDB patotipe III dan rentan terhadap patotipe IV dan VIII, Tahan terhadap penyakit blas ras 033, 133 dan 173 serta agak tahan terhadap ras 073, rentan terhadap tungro inokulum Garut dan Purwakarta",Baik ditanam untuk lahan sawah tadah hujan pada ketinggian 0 - 600 mdpl,2019
Padi Sawah,INPARI ARUMBA,BH39D-MR-11-1-1-6,Sintanur/Bahbutong,113 hari,Tegak,"119,2",Tegak,Medium,Kuning jerami,Sedang,Tahan,Pulen dan wangi,"16,15%","27,03 gram","6,12 ton/ha","10,67 ton/ha",Agak tahan terhadap wereng batang cokelat biotipe 1 dan agak rentan terhadap biotipe 2 dan biotipe 3,"Agak tahan terhadap HDB patotipe IV dan VIII dan tahan terhadap patotipe III. Agak tahan terhadap penyakit blas ras 033, 073, 133 dan 173 dan rentan terhadap tungro",Baik ditanam di lahan sawah irigasi pada ketinggian 0-600 mdpl,2020
Padi Sawah,INPARI 47 WBC,B13840E-MR-32-2-1-1-1-MR-4-KN-1,Pusa Basmati 4/PN III//Pusa Basmati 4/ Pandan Wangi Cianjur///Bahbutong,121 hari,Tegak,111 cm,Tegak,Ramping,Kuning jerami,Sedang,Sedang,Pulen,"20,99%","26,90 gram","7,71 ton/ha","9,52 ton/ha","Agak tahan terhadap hama wereng batang cokelat biotipe 1, 2, dan 3, serta populasi lapang Sukamandi","Rentan terhadap HDB patotipe III, agak tahan HDB patotipe IV dan VIII. Agak tahan terhadap blas ras 033, 133 dan rentan ras 073, 173. Rentan terhadap tungro inokulum Garut dan Purwakarta",Cocok ditanam pada lahan sawah pada ketinggian 0-600 mdpl,2020
Padi Sawah,INPARI 48 BLAS,BP29216E-SKI-30-4,Inpari 13/Omas,121 hari,Tegak,124 cm,Tegak,Ramping,Kuning jerami,Sedang,Sedang,Pulen,"23,58%","29,70 gram","7,64 ton/ha","9,13 ton/ha","Agak tahan terhadap WBC biotipe 1, 2, dan 3, serta agak rentan WBC populasi lapang Sukamandi","Agak tahan terhadap penyakit HDB patotipe III, IV, dan rentan terhadap patotipe VIII. Tahan terhadap blas ras 033, agak tahan ras 073, 133, dan 173. Rentan terhadap penyakit tungro inokulum Garut dan Purwakarta",Baik ditanam pada lahan sawah irigasi pada ketinggian 0-600 mdpl,2020
Padi Sawah,INPARI GEMAH,B13823E-MR-28,Memberamo/Inpari 9//Hare Kwa,118 hari,Tegak,120 cm,Tegak,Ramping,Kuning jerami,Sedang,Sedang,Pera,"26,97%","27,10 gram","7,75 ton/ha","10,46 ton/ha","Agak tahan terhadap wereng batang cokelat biotipe 1, 2, dan agak rentan terhadap biotipe 3 serta populasi lapang Sukamandi","Agak tahan terhadap penyakit HDB patotipe III, IV, dan VIII. Tahan terhadap blas ras 033, agak tahan ras 073, 133, dan rentan ras 173. Rentan terhadap penyakit tungro inokulum Garut dan Purwakarta",Baik ditanam pada lahan sawah irigasi pada ketinggian 0-600 mdpl,2020
Padi Sawah,INPARI 49 JEMBAR,BP17314B-SKI-1-1-1,Ciherang/IRBB50,112 hari setelah semai,Tegak,105 cm,Tegak,Medium,Kuning jerami,Sedang,-,Pulen,"20,68%","28,0 gram","7,45 ton/ha","9,57 ton/ha","Agak tahan terhadap wereng batang cokelat biotipe 1, 2, dan biotipe 3","Agak tahan terhadap hawar daun bakteri patotipe III, sangat rentan terhadap patotipe IV dan rentan terhadap patotipe VIII. Agak tahan terhadap penyakit blas ras 073, rentan terhadap blas ras 033, 133 dan 173. Rentan terhadap tungro inokulum Garut dan Purwakarta",Baik ditanam pada lahan sawah irigasi pada ketinggian 0-600 mdpl dan penanaman mengikuti kaidah budidaya padi lahan sawah irigasi melalui pengelolaan tanaman terpadu (PTT),2021
Padi Sawah,INPARI 50 MAREM,B11004E-MR-4-PN-3-2-3-MR-1,Cisantana/B10384-MR-1-8-3//IR66160-121-4-5-3/TB154E-TB-2,114 hari setelah semai,Tegak,106 cm,Agak Tegak,Medium,Kuning jerami,Sedang,-,Pera,"25,64%","26,9 gram","7,56 ton/ha","9,69 ton/ha","Agak tahan terhadap wereng batang cokelat biotipe 1, agak rentan terhadap biotipe 2 dan biotipe 3","Rentan terhadap hawar daun bakteri patotipe III dan IV, tahan terhadap patotipe VIII. Tahan tehadap penyakit blas ras 033, ras 073, ras 173 dan agak tahan ras 133. Rentan terhadap penyakit tungro inokulum Garut dan Purwakarta",Baik ditanam untuk lahan sawah irigasi pada ketinggian 0-600 mdpl,2021
Padi Sawah,RESPATI,CRS 874,Maros/F110//Bio-9,112 hari setelah semai,Tegak,109 cm,Agak Tegak,Ramping,Kuning jerami,Tahan,-,Pulen,"22,14%","26,4 gram","7,54 ton/ha","9,72 ton/ha","Agak tahan terhadap wereng batang cokelat biotipe 1 dan biotipe 2, agak rentan terhadap biotipe 3","Agak tahan terhadap penyakit hawar daun bakteri patotipe III dan VIII, sangat rentan terhadap patotipe IV. Agak tahan terhadap penyakit blas ras 033, 073 dan 133, rentan terhadap ras 173. Rentan terhadap tungro inokulum Garut dan Purwakarta",Baik ditanam untuk lahan sawah irigasi pada ketinggian 0-600 mdpl,2021
Padi Sawah,INPARI VTE 13,B14954-MR-5-1,Inpari 13*4/Conde,105 hari setelah semai,Tegak,102 cm,Tegak,Ramping,Kuning jerami,Sedang,-,Medium,"22,75%","25,2 gram","6,6 ton/ha",8 ton/ha,"Tahan terhadap wereng batang coklat biotipe 1, agak tahan terhadap biotipe 2 dan 3","Tahan terhadap hawar daun bakteri strain III, IV dan VIII, tahan terhadap blas 033, 133, 173, rentan terhadap ras 073, rentan terhadap virus tungro",Dianjurkan untuk ditanam mengikuti prinsip-prinsip Pengelolaan Tanaman Terpadu untuk sawah irigasi atau sawah tadah hujan,2022
Padi Sawah,BK SITUBONDO 01 AGRITAN,BP32274D-SKI-19-7-3-WBC-0,Maros/F110//Bio-9,100 hari setelah semai,Tegak,103 cm,Tegak,Ramping,Kuning jerami,Sedang,-,Pulen,"19,04%","29,32 gram","6,9 ton/ha","9,83 ton/ha","Agak tahan terhadap wereng batang cokelat biotipe 1, 2, dan agak rentan terhadap biotipe 3","Agak tahan terhadap penyakit hawar daun bakteri patotipe III dan VIII, rentan terhadap patotipe IV. Rentan terhadap penyakit blas ras 033, 073 dan 133, rentan terhadap ras 173. Rentan terhadap tungro inokulum Garut dan Purwakarta",Penanaman mengikuti kaidah budidaya padi lahan sawah irigasi melalui pengolaan tanaman terpandu (PTT).,2023
Padi Sawah,BK SITUBONDO 02 AGRITAN,BP119978-JK-1-IND-2-SKI-0-PWK-1-SKI-4-3-PWK-1-SKI-1,HHZ 9/Inpari 13//inpari 13,107 hari setelah semai,Tegak,102 cm,"Miring (pada kondisi lahan subur daun bendera panjang, sebagian helai daun terkulai)",Ramping,Kuning jerami,Sedang,-,Pulen,"20,30%","25,75 gram","7,89 ton/ha",9.59 ton/ha,"Agak tahan terhadap wereng batang cokelat biotipe 1, 2 dan 3.","Agak tahan penyakit hawar daun bakteri patotipe III sangat rentan terhadap patotipe III dan VIII. Agak tahan penyakit blas ras 033, 073 dan 133, rentan terhadap ras 173. Rentan terhadap tungro inokulum Garut dan Purwakarta",Penanaman mengikuti kaidah budidaya padi lahan sawah irigasi mellaui pengelolaan tanaman terpadu (PTT),2023
Padi Hibrida,MARO,H2,A1/R2,113 hari,Tegak,98 cm,Tegak,Ramping,Kuning bersih,Sedang,Tahan,Pulen,22.80%,26 gram,6.24 t/ha GKG,8.85 t/ha GKG,Rentan WBC biotipe 2 dan 3,Rentan HDB patotipe III dan IV,Lahan sawah irigasi non-endemik tungro & WBC,2002
Padi Hibrida,ROKAN,H1,A1/R1,115 hari,Tegak,107 cm,Tegak,Ramping,Kuning bersih,Sedang,Tahan,Pulen,23.10%,27 gram,6.44 t/ha GKG,9.24 t/ha GKG,Rentan WBC biotipe 2 dan 3,Peka HDB patotipe III dan IV,Lahan sawah irigasi non-endemik tungro & WBC,2002
Padi Hibrida,HIPA 3,H4,A1/R3,116-120 hari,Tegak,96-105 cm,Tegak,Ramping,Kuning jerami,Mudah,Tahan,Sedang,23.00%,23-25 gram,8.5 t/ha,11.67 t/ha,Agak tahan WBC biotipe 2,Agak tahan HDB patotipe IV dan VIII; agak tahan tungro,Sawah irigasi dengan kaidah PTT,2004
Padi Hibrida,HIPA 12 SBU,H178,GMJ6A/PK89,105 hari setelah semai,Tegak,�104.4 cm,Tegak,Ramping,Kuning jerami,Sedang,Tahan,Pulen,23.20%,�26.5 gram,7.7 t/ha GKG,10.5 t/ha GKG,Agak tahan WBC biotipe 2 dan 3,Rentan HDB patotipe VIII; agak tahan III; rentan tungro,Lahan irigasi dengan PTT,2011
Padi Hibrida,HIPA 20,H263,GMJ12A/CRS849,115 hari setelah semai,Tegak,�112 cm,Tegak,Ramping,Kuning,Sedang,Agak tahan,Pulen,22.89%,�26.9 gram,�9.54 t/ha GKG,12.08 t/ha GKG,Agak tahan WBC biotipe 1; 2 & 3,Agak tahan HDB IV & VIII; tahan blas ras 073,Lahan sawah irigasi,2019
Padi Gogo,SITU PATENGGANG,BP1153-C-9-12,Kartuna/TB47H-MR-10,110-120 hari setelah tanam,Tegak,100-110 cm,Menyudut,Agak gemuk,Krem tua,Sedang,Tahan,Sedang,23.93%,26.5-27.5 gram,3.6-5.6 t/ha GKG,-,Tahan terhadap blas,Lahan kering; tumpangsari < 300 mdpl,2003,
Padi Gogo,SITU BAGENDIT,S4325d-1-2-3-1,Batur/S2823-7d-8-1-A//S2823-7d-8-1-A,110-120 hari,Tegak,99-105 cm,Tegak,Panjang ramping,Kuning bersih,Sedang,Sedang,Pulen,22%,27-28 gram,3-5 t/ha GKG,-,Agak tahan terhadap blas & HDB III & IV,Lahan kering dan lahan sawah,2003,
Padi Gogo,INPAGO 4,TB490C-TB-1-2-1,Batutegi/Cigeulis//Ciherang,124 hari,Tegak,�134 cm,Mendatar,Lonjong,Kuning jerami,Sedang,Sedang,Pulen,21.90%,25 gram,4.1 t/ha GKG,6.1 t/ha GKG,-,Tahan terhadap beberapa ras penyakit blas,Lahan kering subur; Podzolik masam,2010
Padi Gogo,INPAGO 13 FORTIZ,B12498F-MR-1-6,IR68886/BP68*10//Selegreng///Maninjau/Asahan,114 hari setelah semai,Tegak,�124 cm,Miring,Sedang,Kuning jerami,Sedang,-,Medium,�21.56%,�24.6 gram,�6.53 t/ha GKG,8.11 t/ha GKG,Agak tahan WBC biotipe 1; agak rentan biotipe 2 & 3,Tahan blas ras 073; 133; toleran Al 40 ppm,Lahan kering subur & masam < 700 mdpl,2020
Padi Rawa,INPARA 1,B9852E-KA-66,Batang Ombilin/IR9884-54-3,131 hari,Tegak,111 cm,Tegak,Sedang,Kuning,Sedang,Sedang,Pera,27.93%,23.25 gram,5.65 t/ha GKG (lebak),6.47 t/ha GKG,Agak tahan WBC biotipe 1 dan 2,Tahan hawar daun bakteri & blas; toleran Fe/Al,Rawa lebak dan pasang surut,2008
Padi Rawa,INPARA 3,IR70213-9-CPA-12-UBN-2-1-3-1,IR69256/IR43524-55-1-3-2,127 hari,Tegak,108 cm,Tegak,Sedang,Kuning,Sedang,Sedang,Pera,28.60%,25.7 gram,4.6 t/ha GKG,5.6 t/ha GKG,Agak tahan WBC biotipe 3,Tahan blas 101; 123; 141; 373; rentan HDB,Rawa lebak; pasang surut potensial,2008
Padi Rawa,INPARA 8 AGRITAN,BP11377F-MR-34-2,B10597F-KN-18/B10600F-KN-7,115 hari setelah sebar,Tegak,�107 cm,Tegak,Medium,Kuning,Sedang,Tahan,Pera,28.50%,27.2 gram,4.7 t/ha GKG,6.0 t/ha GKG,Agak rentan WBC biotipe 1;2; rentan biotipe 3,Tahan HDB patotipe III; agak tahan IV & VIII,Rawa pasang surut; lebak dangkal,2014
Padi Rawa,PURWA,TDK1-Sub1-MR-1-2 (IR07F289),TDK1/IR40931//3*TDK1,121 hari,Tegak,�105 cm,Tegak,Ramping,Kuning jerami,Sedang,Tahan,Ketan,3.80%,�28.8 gram,4.9 t/ha GKG,6.7 t/ha GKG,Agak rentan WBC biotipe 1; 2; dan 3,Tahan HDB III generatif; tahan blas; rentan tungro,Rawa pasang surut dan lebak,2018
